-- phpMyAdmin SQL Dump
-- version 5.2.1
-- https://www.phpmyadmin.net/
--
-- 主机： 127.0.0.1
-- 生成日期： 2025-07-14 08:58:26
-- 服务器版本： 10.4.32-MariaDB
-- PHP 版本： 8.2.12

SET SQL_MODE = "NO_AUTO_VALUE_ON_ZERO";
START TRANSACTION;
SET time_zone = "+00:00";


/*!40101 SET @OLD_CHARACTER_SET_CLIENT=@@CHARACTER_SET_CLIENT */;
/*!40101 SET @OLD_CHARACTER_SET_RESULTS=@@CHARACTER_SET_RESULTS */;
/*!40101 SET @OLD_COLLATION_CONNECTION=@@COLLATION_CONNECTION */;
/*!40101 SET NAMES utf8mb4 */;

--
-- 数据库： `gczbgl`
--

-- --------------------------------------------------------

--
-- 表的结构 `administrative_regions`
--

CREATE TABLE `administrative_regions` (
  `id` bigint(20) UNSIGNED NOT NULL,
  `code` varchar(20) NOT NULL COMMENT '区域代码',
  `name` varchar(100) NOT NULL COMMENT '区域名称',
  `level` tinyint(4) NOT NULL COMMENT '级别：1省 2市 3区县 4学区',
  `parent_id` bigint(20) UNSIGNED DEFAULT NULL COMMENT '父级ID',
  `sort_order` int(11) NOT NULL DEFAULT 0 COMMENT '排序',
  `status` tinyint(4) NOT NULL DEFAULT 1 COMMENT '状态：1启用 0禁用',
  `created_at` timestamp NULL DEFAULT NULL,
  `updated_at` timestamp NULL DEFAULT NULL
) ENGINE=InnoDB DEFAULT CHARSET=utf8mb4 COLLATE=utf8mb4_unicode_ci;

--
-- 转存表中的数据 `administrative_regions`
--

INSERT INTO `administrative_regions` (`id`, `code`, `name`, `level`, `parent_id`, `sort_order`, `status`, `created_at`, `updated_at`) VALUES
(1, '410000', '河南省', 1, NULL, 1, 1, '2025-07-13 03:20:26', '2025-07-13 03:20:26'),
(2, '410100', '郑州市', 2, 1, 1, 1, '2025-07-13 03:20:26', '2025-07-13 03:20:26'),
(3, '410102', '中原区', 3, 2, 1, 1, '2025-07-13 03:20:26', '2025-07-13 03:20:26'),
(4, '410103', '二七区', 3, 2, 2, 1, '2025-07-13 03:20:26', '2025-07-13 03:20:26'),
(5, '41010201', '中原区第一学区', 4, 3, 1, 1, '2025-07-13 03:20:26', '2025-07-13 03:20:26'),
(6, '41010202', '中原区第二学区', 4, 3, 2, 1, '2025-07-13 03:20:26', '2025-07-13 03:20:26'),
(7, '41010301', '二七区第一学区', 4, 4, 1, 1, '2025-07-13 03:20:26', '2025-07-13 03:20:26');

-- --------------------------------------------------------

--
-- 表的结构 `cache`
--

CREATE TABLE `cache` (
  `key` varchar(255) NOT NULL,
  `value` mediumtext NOT NULL,
  `expiration` int(11) NOT NULL
) ENGINE=InnoDB DEFAULT CHARSET=utf8mb4 COLLATE=utf8mb4_unicode_ci;

-- --------------------------------------------------------

--
-- 表的结构 `cache_locks`
--

CREATE TABLE `cache_locks` (
  `key` varchar(255) NOT NULL,
  `owner` varchar(255) NOT NULL,
  `expiration` int(11) NOT NULL
) ENGINE=InnoDB DEFAULT CHARSET=utf8mb4 COLLATE=utf8mb4_unicode_ci;

-- --------------------------------------------------------

--
-- 表的结构 `equipments`
--

CREATE TABLE `equipments` (
  `id` bigint(20) UNSIGNED NOT NULL,
  `school_id` bigint(20) UNSIGNED NOT NULL COMMENT '学校ID',
  `laboratory_id` bigint(20) UNSIGNED DEFAULT NULL COMMENT '实验室ID',
  `category_id` bigint(20) UNSIGNED NOT NULL COMMENT '分类ID',
  `name` varchar(200) NOT NULL COMMENT '设备名称',
  `code` varchar(100) DEFAULT NULL COMMENT '设备编号',
  `model` varchar(100) DEFAULT NULL COMMENT '型号规格',
  `brand` varchar(100) DEFAULT NULL COMMENT '品牌',
  `supplier` varchar(200) DEFAULT NULL COMMENT '供应商',
  `supplier_phone` varchar(20) DEFAULT NULL COMMENT '供应商电话',
  `purchase_date` date DEFAULT NULL COMMENT '购入日期',
  `purchase_price` decimal(10,2) DEFAULT NULL COMMENT '购入价格',
  `quantity` int(11) NOT NULL DEFAULT 1 COMMENT '数量',
  `unit` varchar(20) NOT NULL DEFAULT '台' COMMENT '单位',
  `warranty_period` int(11) DEFAULT NULL COMMENT '保修期(月)',
  `service_life` int(11) DEFAULT NULL COMMENT '使用年限(年)',
  `funding_source` varchar(100) DEFAULT NULL COMMENT '经费来源',
  `storage_location` varchar(200) DEFAULT NULL COMMENT '存放位置',
  `manager_id` bigint(20) UNSIGNED DEFAULT NULL COMMENT '保管人ID',
  `status` tinyint(4) NOT NULL DEFAULT 1 COMMENT '状态：1正常 2维修 3报废 0停用',
  `qr_code` varchar(255) DEFAULT NULL COMMENT '二维码',
  `remark` text DEFAULT NULL COMMENT '备注',
  `created_at` timestamp NULL DEFAULT NULL,
  `updated_at` timestamp NULL DEFAULT NULL
) ENGINE=InnoDB DEFAULT CHARSET=utf8mb4 COLLATE=utf8mb4_unicode_ci;

--
-- 转存表中的数据 `equipments`
--

INSERT INTO `equipments` (`id`, `school_id`, `laboratory_id`, `category_id`, `name`, `code`, `model`, `brand`, `supplier`, `supplier_phone`, `purchase_date`, `purchase_price`, `quantity`, `unit`, `warranty_period`, `service_life`, `funding_source`, `storage_location`, `manager_id`, `status`, `qr_code`, `remark`, `created_at`, `updated_at`) VALUES
(1, 1, NULL, 3, '生物显微镜XSP-2CA', 'BIO0010001', 'XSP-2CA', '奥林巴斯', '北京科学仪器公司', '010-12345678', '2025-05-01', 1500.00, 30, '台', 24, 10, '教育专项资金', '设备室', 1, 1, 'EQ_1_1752406280', '系统初始化数据', '2025-07-13 03:31:20', '2025-07-13 03:47:37'),
(2, 2, NULL, 3, '生物显微镜XSP-2CA', 'BIO0020001', 'XSP-2CA', '奥林巴斯', '北京科学仪器公司', '010-12345678', '2025-05-28', 1500.00, 30, '台', 24, 10, '教育专项资金', '设备室', 1, 1, 'EQ_2_1752406280', '系统初始化数据', '2025-07-13 03:31:20', '2025-07-13 03:31:20'),
(3, 3, NULL, 3, '生物显微镜XSP-2CA', 'BIO0030001', 'XSP-2CA', '奥林巴斯', '北京科学仪器公司', '010-12345678', '2025-03-14', 1500.00, 30, '台', 24, 10, '教育专项资金', '设备室', 1, 1, 'EQ_3_1752406280', '系统初始化数据', '2025-07-13 03:31:20', '2025-07-13 03:31:20'),
(4, 1, NULL, 3, '学生用生物显微镜', 'BIO00110002', 'XSP-1C', '上海光学', '上海教学设备公司', '021-87654321', '2024-08-16', 800.00, 50, '台', 12, 8, '学校自筹', '设备室', 1, 1, 'EQ_4_1752406280', '系统初始化数据', '2025-07-13 03:31:20', '2025-07-13 03:31:20'),
(5, 2, NULL, 3, '学生用生物显微镜', 'BIO00220002', 'XSP-1C', '上海光学', '上海教学设备公司', '021-87654321', '2024-07-23', 800.00, 50, '台', 12, 8, '学校自筹', '设备室', 1, 1, 'EQ_5_1752406280', '系统初始化数据', '2025-07-13 03:31:20', '2025-07-13 03:31:20'),
(6, 3, NULL, 3, '学生用生物显微镜', 'BIO00330002', 'XSP-1C', '上海光学', '上海教学设备公司', '021-87654321', '2025-05-05', 800.00, 50, '台', 12, 8, '学校自筹', '设备室', 1, 1, 'EQ_6_1752406281', '系统初始化数据', '2025-07-13 03:31:20', '2025-07-13 03:31:21'),
(7, 1, NULL, 19, '电子天平', 'BAL0010001', 'FA2004', '上海精科', '上海精密仪器公司', '021-11111111', '2024-08-09', 3200.00, 5, '台', 36, 15, '实验室建设专项', '设备室', 1, 1, 'EQ_7_1752406281', '系统初始化数据', '2025-07-13 03:31:21', '2025-07-13 03:31:21'),
(8, 2, NULL, 19, '电子天平', 'BAL0020001', 'FA2004', '上海精科', '上海精密仪器公司', '021-11111111', '2024-10-30', 3200.00, 5, '台', 36, 15, '实验室建设专项', '设备室', 1, 1, 'EQ_8_1752406281', '系统初始化数据', '2025-07-13 03:31:21', '2025-07-13 03:31:21'),
(9, 3, NULL, 19, '电子天平', 'BAL0030001', 'FA2004', '上海精科', '上海精密仪器公司', '021-11111111', '2025-03-10', 3200.00, 5, '台', 36, 15, '实验室建设专项', '设备室', 1, 1, 'EQ_9_1752406281', '系统初始化数据', '2025-07-13 03:31:21', '2025-07-13 03:31:21'),
(10, 1, NULL, 19, '分析天平', 'BAL00110002', 'FA1004', '梅特勒', '北京梅特勒代理商', '010-22222222', '2025-01-11', 8500.00, 2, '台', 24, 12, '教育部专项', '设备室', 1, 1, 'EQ_10_1752406281', '系统初始化数据', '2025-07-13 03:31:21', '2025-07-13 03:31:21'),
(11, 2, NULL, 19, '分析天平', 'BAL00220002', 'FA1004', '梅特勒', '北京梅特勒代理商', '010-22222222', '2024-10-15', 8500.00, 2, '台', 24, 12, '教育部专项', '设备室', 1, 1, 'EQ_11_1752406281', '系统初始化数据', '2025-07-13 03:31:21', '2025-07-13 03:31:21'),
(12, 3, NULL, 19, '分析天平', 'BAL00330002', 'FA1004', '梅特勒', '北京梅特勒代理商', '010-22222222', '2024-11-18', 8500.00, 2, '台', 24, 12, '教育部专项', '设备室', 1, 1, 'EQ_12_1752406281', '系统初始化数据', '2025-07-13 03:31:21', '2025-07-13 03:31:21'),
(13, 1, NULL, 31, '数字万用表', 'MUL0010001', 'UT33D', '优利德', '深圳优利德公司', '0755-33333333', '2025-03-27', 120.00, 40, '台', 12, 5, '学校自筹', '设备室', 1, 1, 'EQ_13_1752406281', '系统初始化数据', '2025-07-13 03:31:21', '2025-07-13 03:31:21'),
(14, 2, NULL, 31, '数字万用表', 'MUL0020001', 'UT33D', '优利德', '深圳优利德公司', '0755-33333333', '2025-05-04', 120.00, 40, '台', 12, 5, '学校自筹', '设备室', 1, 1, 'EQ_14_1752406281', '系统初始化数据', '2025-07-13 03:31:21', '2025-07-13 03:31:21'),
(15, 3, NULL, 31, '数字万用表', 'MUL0030001', 'UT33D', '优利德', '深圳优利德公司', '0755-33333333', '2024-12-20', 120.00, 40, '台', 12, 5, '学校自筹', '设备室', 1, 1, 'EQ_15_1752406281', '系统初始化数据', '2025-07-13 03:31:21', '2025-07-13 03:31:21'),
(16, 1, NULL, 37, '玻璃烧杯100ml', 'BEA0010001', 'GB-100', '舒博玻璃', '江苏舒博实验器材公司', '0512-44444444', '2025-05-29', 8.50, 200, '个', 6, 3, '实验耗材专项', '设备室', 1, 1, 'EQ_16_1752406281', '系统初始化数据', '2025-07-13 03:31:21', '2025-07-13 03:31:21'),
(17, 2, NULL, 37, '玻璃烧杯100ml', 'BEA0020001', 'GB-100', '舒博玻璃', '江苏舒博实验器材公司', '0512-44444444', '2025-05-03', 8.50, 200, '个', 6, 3, '实验耗材专项', '设备室', 1, 1, 'EQ_17_1752406281', '系统初始化数据', '2025-07-13 03:31:21', '2025-07-13 03:31:21'),
(18, 3, NULL, 37, '玻璃烧杯100ml', 'BEA0030001', 'GB-100', '舒博玻璃', '江苏舒博实验器材公司', '0512-44444444', '2024-08-01', 8.50, 200, '个', 6, 3, '实验耗材专项', '设备室', 1, 1, 'EQ_18_1752406281', '系统初始化数据', '2025-07-13 03:31:21', '2025-07-13 03:31:21'),
(19, 1, NULL, 37, '玻璃烧杯250ml', 'BEA00110002', 'GB-250', '舒博玻璃', '江苏舒博实验器材公司', '0512-44444444', '2024-08-14', 12.00, 150, '个', 6, 3, '实验耗材专项', '设备室', 1, 1, 'EQ_19_1752406281', '系统初始化数据', '2025-07-13 03:31:21', '2025-07-13 03:31:21'),
(20, 2, NULL, 37, '玻璃烧杯250ml', 'BEA00220002', 'GB-250', '舒博玻璃', '江苏舒博实验器材公司', '0512-44444444', '2024-11-20', 12.00, 150, '个', 6, 3, '实验耗材专项', '设备室', 1, 1, 'EQ_20_1752406281', '系统初始化数据', '2025-07-13 03:31:21', '2025-07-13 03:31:21'),
(21, 3, NULL, 37, '玻璃烧杯250ml', 'BEA00330002', 'GB-250', '舒博玻璃', '江苏舒博实验器材公司', '0512-44444444', '2025-03-02', 12.00, 150, '个', 6, 3, '实验耗材专项', '设备室', 1, 1, 'EQ_21_1752406282', '系统初始化数据', '2025-07-13 03:31:21', '2025-07-13 03:31:22'),
(22, 1, NULL, 47, '解剖刀套装', 'SCA0010001', 'JPS-01', '金鹏生物', '北京金鹏生物器材公司', '010-55555555', '2025-02-02', 25.00, 60, '套', 3, 2, '生物实验专项', '设备室', 1, 1, 'EQ_22_1752406282', '系统初始化数据', '2025-07-13 03:31:22', '2025-07-13 03:31:22'),
(23, 2, NULL, 47, '解剖刀套装', 'SCA0020001', 'JPS-01', '金鹏生物', '北京金鹏生物器材公司', '010-55555555', '2024-10-14', 25.00, 60, '套', 3, 2, '生物实验专项', '设备室', 1, 1, 'EQ_23_1752406282', '系统初始化数据', '2025-07-13 03:31:22', '2025-07-13 03:31:22'),
(24, 3, NULL, 47, '解剖刀套装', 'SCA0030001', 'JPS-01', '金鹏生物', '北京金鹏生物器材公司', '010-55555555', '2024-12-28', 25.00, 60, '套', 3, 2, '生物实验专项', '设备室', 1, 1, 'EQ_24_1752406282', '系统初始化数据', '2025-07-13 03:31:22', '2025-07-13 03:31:22'),
(26, 1, NULL, 3, '台式生物显微镜', 'BIO0010003', 'Elite-30021', '尼康', '北京科学仪器公司', '077-40773044', '2023-11-15', 261.00, 2, '套', 13, 14, '学校自筹', '设备室', 1, 1, 'EQ_26_1752408000', '使用频率较高', '2025-07-13 04:00:00', '2025-07-13 04:00:00'),
(27, 1, NULL, 3, '专业级生物显微镜', 'BIO0010004', 'XS-200029', '徕卡', '天津仪器设备公司', '077-36495863', '2023-01-01', 478.00, 6, '支', 9, 14, '学校自筹', '设备室', 1, 1, 'EQ_27_1752408000', '需要定期维护', '2025-07-13 04:00:00', '2025-07-13 04:00:00'),
(28, 1, NULL, 4, '实验室体视显微镜', 'STE0010001', 'XS-200088', '海康威视', '广州实验器材公司', '062-77027581', '2024-09-01', 767.00, 6, '个', 11, 13, '学校自筹', '设备室', 1, 1, 'EQ_28_1752408000', '', '2025-07-13 04:00:00', '2025-07-13 04:00:00'),
(29, 1, NULL, 4, '数字式体视显微镜', 'STE0010002', 'Basic-20086', '索尼', '深圳科技设备公司', '042-94084469', '2023-08-03', 393.00, 10, '个', 27, 9, '实验室建设专项', '设备室', 1, 1, 'EQ_29_1752408000', '设备状态良好', '2025-07-13 04:00:00', '2025-07-13 04:00:00'),
(30, 1, NULL, 5, '专业级电子显微镜', 'ELE0010001', 'Standard-10033', '富士', '上海教学设备公司', '089-73591532', '2024-04-28', 252.00, 5, '个', 24, 8, '省级专项资金', '设备室', 1, 2, 'EQ_30_1752408000', '设备状态良好', '2025-07-13 04:00:00', '2025-07-13 04:00:00'),
(31, 1, NULL, 7, '便携式天文望远镜', 'AST0010001', 'XS-200010', '松下', '上海教学设备公司', '026-45571873', '2024-07-03', 413.00, 5, '件', 7, 9, '实验室建设专项', '设备室', 1, 1, 'EQ_31_1752408000', '使用频率较高', '2025-07-13 04:00:00', '2025-07-13 04:00:00'),
(32, 1, NULL, 7, '高精度天文望远镜', 'AST0010002', 'Basic-20024', '徕卡', '天津仪器设备公司', '091-34071676', '2023-01-21', 765.00, 5, '件', 12, 6, '教育专项资金', '设备室', 1, 1, 'EQ_32_1752408000', '需要定期维护', '2025-07-13 04:00:00', '2025-07-13 04:00:00'),
(33, 1, NULL, 8, '便携式地理望远镜', 'GEO0010001', 'Basic-20078', '富士', '深圳科技设备公司', '010-61856848', '2022-08-06', 243.00, 6, '个', 8, 13, '教育专项资金', '设备室', 1, 1, 'EQ_33_1752408000', '新购入设备', '2025-07-13 04:00:00', '2025-07-13 04:00:00'),
(34, 1, NULL, 8, '专业级地理望远镜', 'GEO0010002', 'Advanced-80056', '富士', '深圳科技设备公司', '050-54404123', '2022-10-09', 162.00, 5, '件', 20, 10, '教育专项资金', '设备室', 1, 2, 'EQ_34_1752408000', '新购入设备', '2025-07-13 04:00:00', '2025-07-13 04:00:00'),
(35, 1, NULL, 8, '台式地理望远镜', 'GEO0010003', 'Standard-10074', '尼康', '北京科学仪器公司', '079-33743404', '2023-03-04', 169.00, 5, '套', 36, 6, '实验室建设专项', '设备室', 1, 1, 'EQ_35_1752408000', '需要定期维护', '2025-07-13 04:00:00', '2025-07-13 04:00:00'),
(36, 1, NULL, 10, '教学用手持放大镜', 'HAN0010001', 'Basic-20098', '蔡司', '深圳科技设备公司', '079-92907962', '2023-03-18', 257.00, 1, '支', 10, 11, '教育部专项', '设备室', 1, 1, 'EQ_36_1752408001', '设备状态良好', '2025-07-13 04:00:00', '2025-07-13 04:00:01'),
(37, 1, NULL, 10, '便携式手持放大镜', 'HAN0010002', 'Advanced-80046', '索尼', '北京科学仪器公司', '010-82636511', '2024-01-22', 545.00, 7, '件', 17, 5, '省级专项资金', '设备室', 1, 2, 'EQ_37_1752408001', '需要定期维护', '2025-07-13 04:00:01', '2025-07-13 04:00:01'),
(38, 1, NULL, 11, '专业级台式放大镜', 'DES0010001', 'Elite-3009', '尼康', '上海教学设备公司', '036-12489885', '2023-08-31', 955.00, 7, '个', 14, 9, '实验室建设专项', '设备室', 1, 1, 'EQ_38_1752408001', '使用频率较高', '2025-07-13 04:00:01', '2025-07-13 04:00:01'),
(39, 1, NULL, 11, '实验室台式放大镜', 'DES0010002', 'Pro-50018', '松下', '上海教学设备公司', '067-13196888', '2024-05-25', 893.00, 8, '件', 25, 9, '教育专项资金', '设备室', 1, 1, 'EQ_39_1752408001', '需要定期维护', '2025-07-13 04:00:01', '2025-07-13 04:00:01'),
(40, 1, NULL, 14, '便携式直尺', 'RUL0010001', 'Basic-20035', '索尼', '上海教学设备公司', '080-87263235', '2023-01-25', 574.00, 7, '台', 34, 11, '省级专项资金', '设备室', 1, 1, 'EQ_40_1752408001', '需要定期维护', '2025-07-13 04:00:01', '2025-07-13 04:00:01'),
(41, 1, NULL, 14, '教学用直尺', 'RUL0010002', 'Standard-10021', '蔡司', '天津仪器设备公司', '068-31250026', '2023-12-09', 123.00, 7, '件', 18, 8, '实验室建设专项', '设备室', 1, 1, 'EQ_41_1752408001', '设备状态良好', '2025-07-13 04:00:01', '2025-07-13 04:00:01'),
(42, 1, NULL, 15, '专业级卷尺', 'TAP0010001', 'Advanced-80037', '松下', '深圳科技设备公司', '098-92585208', '2024-06-27', 424.00, 5, '支', 11, 15, '实验室建设专项', '设备室', 1, 1, 'EQ_42_1752408001', '需要定期维护', '2025-07-13 04:00:01', '2025-07-13 04:00:01'),
(43, 1, NULL, 16, '教学用游标卡尺', 'VER0010001', 'Elite-30069', '富士', '上海教学设备公司', '097-19578577', '2023-04-25', 199.00, 4, '只', 13, 10, '教育专项资金', '设备室', 1, 1, 'EQ_43_1752408001', '', '2025-07-13 04:00:01', '2025-07-13 04:00:01'),
(44, 1, NULL, 16, '多功能游标卡尺', 'VER0010002', 'Pro-50044', '蔡司', '深圳科技设备公司', '071-94244855', '2025-06-08', 967.00, 5, '支', 16, 14, '省级专项资金', '设备室', 1, 2, 'EQ_44_1752408001', '新购入设备', '2025-07-13 04:00:01', '2025-07-13 04:00:01'),
(45, 2, NULL, 3, '高精度生物显微镜', 'BIO0020003', 'Elite-30076', '松下', '广州实验器材公司', '049-86370486', '2022-09-11', 130.00, 5, '台', 33, 13, '学校自筹', '设备室', 1, 1, 'EQ_45_1752408001', '设备状态良好', '2025-07-13 04:00:01', '2025-07-13 04:00:01'),
(46, 2, NULL, 3, '台式生物显微镜', 'BIO0020004', 'Pro-50035', '大华', '北京科学仪器公司', '080-37931221', '2022-07-31', 242.00, 3, '个', 16, 11, '教育部专项', '设备室', 1, 1, 'EQ_46_1752408001', '设备状态良好', '2025-07-13 04:00:01', '2025-07-13 04:00:01'),
(47, 2, NULL, 3, '多功能生物显微镜', 'BIO0020005', 'Basic-20054', '松下', '上海教学设备公司', '094-16295599', '2023-11-26', 756.00, 1, '台', 15, 11, '教育部专项', '设备室', 1, 1, 'EQ_47_1752408001', '设备状态良好', '2025-07-13 04:00:01', '2025-07-13 04:00:01'),
(48, 2, NULL, 4, '便携式体视显微镜', 'STE0020001', 'Basic-20061', '富士', '广州实验器材公司', '044-19632442', '2025-02-25', 998.00, 3, '支', 7, 6, '教育专项资金', '设备室', 1, 1, 'EQ_48_1752408001', '使用频率较高', '2025-07-13 04:00:01', '2025-07-13 04:00:01'),
(49, 2, NULL, 4, '数字式体视显微镜', 'STE0020002', 'Basic-20096', '佳能', '广州实验器材公司', '053-85320300', '2024-02-07', 356.00, 3, '台', 19, 6, '省级专项资金', '设备室', 1, 1, 'EQ_49_1752408001', '需要定期维护', '2025-07-13 04:00:01', '2025-07-13 04:00:01'),
(50, 2, NULL, 4, '便携式体视显微镜', 'STE0020003', 'Elite-30082', '尼康', '北京科学仪器公司', '038-34040365', '2022-09-29', 962.00, 2, '台', 24, 6, '学校自筹', '设备室', 1, 2, 'EQ_50_1752408002', '设备状态良好', '2025-07-13 04:00:01', '2025-07-13 04:00:02'),
(51, 2, NULL, 5, '数字式电子显微镜', 'ELE0020001', 'Standard-10062', '松下', '天津仪器设备公司', '087-97445526', '2025-06-01', 410.00, 2, '只', 11, 8, '教育专项资金', '设备室', 1, 1, 'EQ_51_1752408002', '设备状态良好', '2025-07-13 04:00:02', '2025-07-13 04:00:02'),
(52, 2, NULL, 5, '便携式电子显微镜', 'ELE0020002', 'Advanced-80074', '徕卡', '广州实验器材公司', '013-49756653', '2025-05-05', 659.00, 4, '个', 33, 5, '学校自筹', '设备室', 1, 1, 'EQ_52_1752408002', '新购入设备', '2025-07-13 04:00:02', '2025-07-13 04:00:02'),
(53, 2, NULL, 7, '教学用天文望远镜', 'AST0020001', 'Elite-30096', '海康威视', '天津仪器设备公司', '039-32678114', '2023-10-04', 835.00, 5, '个', 20, 15, '实验室建设专项', '设备室', 1, 1, 'EQ_53_1752408002', '使用频率较高', '2025-07-13 04:00:02', '2025-07-13 04:00:02'),
(54, 2, NULL, 7, '便携式天文望远镜', 'AST0020002', 'Advanced-80018', '尼康', '上海教学设备公司', '068-14801978', '2022-09-15', 146.00, 10, '支', 6, 15, '教育专项资金', '设备室', 1, 2, 'EQ_54_1752408002', '设备状态良好', '2025-07-13 04:00:02', '2025-07-13 04:00:02'),
(55, 2, NULL, 8, '高精度地理望远镜', 'GEO0020001', 'Pro-50040', '徕卡', '北京科学仪器公司', '079-51503572', '2022-12-21', 281.00, 7, '套', 34, 8, '实验室建设专项', '设备室', 1, 2, 'EQ_55_1752408002', '设备状态良好', '2025-07-13 04:00:02', '2025-07-13 04:00:02'),
(56, 2, NULL, 8, '专业级地理望远镜', 'GEO0020002', 'Advanced-80069', '富士', '广州实验器材公司', '095-46330144', '2025-05-31', 767.00, 10, '套', 10, 12, '省级专项资金', '设备室', 1, 1, 'EQ_56_1752408002', '使用频率较高', '2025-07-13 04:00:02', '2025-07-13 04:00:02'),
(57, 2, NULL, 10, '专业级手持放大镜', 'HAN0020001', 'Basic-20049', '奥林巴斯', '北京科学仪器公司', '031-15164244', '2022-09-29', 790.00, 2, '套', 28, 13, '实验室建设专项', '设备室', 1, 2, 'EQ_57_1752408002', '需要定期维护', '2025-07-13 04:00:02', '2025-07-13 04:00:02'),
(58, 2, NULL, 10, '实验室手持放大镜', 'HAN0020002', 'Elite-30081', '奥林巴斯', '广州实验器材公司', '061-79241384', '2025-03-01', 344.00, 1, '套', 15, 14, '教育专项资金', '设备室', 1, 1, 'EQ_58_1752408002', '设备状态良好', '2025-07-13 04:00:02', '2025-07-13 04:00:02'),
(59, 2, NULL, 10, '便携式手持放大镜', 'HAN0020003', 'Basic-20029', '富士', '深圳科技设备公司', '042-17072898', '2022-07-26', 983.00, 2, '套', 11, 5, '实验室建设专项', '设备室', 1, 1, 'EQ_59_1752408002', '设备状态良好', '2025-07-13 04:00:02', '2025-07-13 04:00:02'),
(60, 2, NULL, 11, '高精度台式放大镜', 'DES0020001', 'Basic-20099', '尼康', '天津仪器设备公司', '092-47685102', '2025-06-04', 865.00, 10, '套', 7, 6, '实验室建设专项', '设备室', 1, 1, 'EQ_60_1752408002', '需要定期维护', '2025-07-13 04:00:02', '2025-07-13 04:00:02'),
(61, 2, NULL, 14, '教学用直尺', 'RUL0020001', 'Standard-10095', '蔡司', '天津仪器设备公司', '011-58168976', '2023-01-10', 596.00, 8, '套', 21, 13, '教育专项资金', '设备室', 1, 1, 'EQ_61_1752408002', '使用频率较高', '2025-07-13 04:00:02', '2025-07-13 04:00:02'),
(62, 2, NULL, 14, '高精度直尺', 'RUL0020002', 'Basic-20014', '富士', '深圳科技设备公司', '072-34930621', '2024-07-11', 777.00, 8, '台', 33, 8, '实验室建设专项', '设备室', 1, 1, 'EQ_62_1752408002', '使用频率较高', '2025-07-13 04:00:02', '2025-07-13 04:00:02'),
(63, 2, NULL, 15, '数字式卷尺', 'TAP0020001', 'Basic-20089', '蔡司', '上海教学设备公司', '076-65569649', '2024-09-20', 371.00, 1, '套', 11, 11, '教育部专项', '设备室', 1, 1, 'EQ_63_1752408002', '需要定期维护', '2025-07-13 04:00:02', '2025-07-13 04:00:02'),
(64, 2, NULL, 15, '教学用卷尺', 'TAP0020002', 'Standard-1004', '海康威视', '天津仪器设备公司', '057-23487042', '2024-11-20', 971.00, 5, '台', 34, 7, '省级专项资金', '设备室', 1, 1, 'EQ_64_1752408002', '新购入设备', '2025-07-13 04:00:02', '2025-07-13 04:00:02'),
(65, 2, NULL, 16, '专业级游标卡尺', 'VER0020001', 'Pro-5001', '海康威视', '上海教学设备公司', '044-46049135', '2023-10-08', 734.00, 8, '套', 20, 5, '教育部专项', '设备室', 1, 1, 'EQ_65_1752408002', '需要定期维护', '2025-07-13 04:00:02', '2025-07-13 04:00:02'),
(66, 2, NULL, 16, '数字式游标卡尺', 'VER0020002', 'XS-200022', '松下', '天津仪器设备公司', '049-38811753', '2023-11-09', 339.00, 3, '台', 23, 10, '教育专项资金', '设备室', 1, 1, 'EQ_66_1752408003', '使用频率较高', '2025-07-13 04:00:03', '2025-07-13 04:00:03'),
(67, 2, NULL, 16, '教学用游标卡尺', 'VER0020003', 'Basic-20037', '奥林巴斯', '上海教学设备公司', '036-79927367', '2022-08-08', 737.00, 2, '件', 20, 9, '省级专项资金', '设备室', 1, 1, 'EQ_67_1752408003', '使用频率较高', '2025-07-13 04:00:03', '2025-07-13 04:00:03'),
(68, 3, NULL, 3, '便携式生物显微镜', 'BIO0030003', 'Standard-10059', '松下', '深圳科技设备公司', '065-68406982', '2023-10-29', 703.00, 4, '支', 19, 8, '教育专项资金', '设备室', 1, 2, 'EQ_68_1752408003', '', '2025-07-13 04:00:03', '2025-07-13 04:00:03'),
(69, 3, NULL, 4, '数字式体视显微镜', 'STE0030001', 'Elite-30063', '海康威视', '天津仪器设备公司', '040-10164080', '2024-11-05', 516.00, 5, '只', 26, 15, '实验室建设专项', '设备室', 1, 1, 'EQ_69_1752408003', '设备状态良好', '2025-07-13 04:00:03', '2025-07-13 04:00:03'),
(70, 3, NULL, 4, '数字式体视显微镜', 'STE0030002', 'Advanced-80031', '蔡司', '北京科学仪器公司', '071-10005628', '2024-04-02', 520.00, 4, '件', 34, 15, '省级专项资金', '设备室', 1, 1, 'EQ_70_1752408003', '', '2025-07-13 04:00:03', '2025-07-13 04:00:03'),
(71, 3, NULL, 4, '便携式体视显微镜', 'STE0030003', 'Advanced-80026', '徕卡', '深圳科技设备公司', '056-28905962', '2024-06-27', 355.00, 8, '个', 21, 15, '教育专项资金', '设备室', 1, 1, 'EQ_71_1752408003', '新购入设备', '2025-07-13 04:00:03', '2025-07-13 04:00:03'),
(72, 3, NULL, 5, '数字式电子显微镜', 'ELE0030001', 'Basic-2008', '尼康', '北京科学仪器公司', '018-46420581', '2023-04-08', 400.00, 2, '件', 12, 12, '教育部专项', '设备室', 1, 1, 'EQ_72_1752408003', '', '2025-07-13 04:00:03', '2025-07-13 04:00:03'),
(73, 3, NULL, 7, '实验室天文望远镜', 'AST0030001', 'Pro-50038', '徕卡', '上海教学设备公司', '097-87853387', '2023-01-09', 272.00, 3, '台', 30, 7, '学校自筹', '设备室', 1, 1, 'EQ_73_1752408003', '', '2025-07-13 04:00:03', '2025-07-13 04:00:03'),
(74, 3, NULL, 7, '数字式天文望远镜', 'AST0030002', 'Standard-10018', '奥林巴斯', '深圳科技设备公司', '036-34378813', '2023-03-05', 719.00, 9, '个', 7, 7, '教育部专项', '设备室', 1, 1, 'EQ_74_1752408003', '设备状态良好', '2025-07-13 04:00:03', '2025-07-13 04:00:03'),
(75, 3, NULL, 8, '便携式地理望远镜', 'GEO0030001', 'XS-200012', '索尼', '北京科学仪器公司', '093-72545908', '2024-10-13', 504.00, 5, '只', 11, 7, '学校自筹', '设备室', 1, 1, 'EQ_75_1752408003', '设备状态良好', '2025-07-13 04:00:03', '2025-07-13 04:00:03'),
(76, 3, NULL, 8, '实验室地理望远镜', 'GEO0030002', 'Standard-1004', '尼康', '北京科学仪器公司', '042-19146917', '2022-09-20', 230.00, 4, '台', 22, 7, '实验室建设专项', '设备室', 1, 2, 'EQ_76_1752408003', '新购入设备', '2025-07-13 04:00:03', '2025-07-13 04:00:03'),
(77, 3, NULL, 8, '便携式地理望远镜', 'GEO0030003', 'Elite-30040', '大华', '北京科学仪器公司', '082-49960903', '2022-08-29', 541.00, 1, '件', 6, 6, '学校自筹', '设备室', 1, 2, 'EQ_77_1752408003', '设备状态良好', '2025-07-13 04:00:03', '2025-07-13 04:00:03'),
(78, 3, NULL, 10, '多功能手持放大镜', 'HAN0030001', 'Elite-30064', '尼康', '北京科学仪器公司', '073-54093604', '2024-02-27', 641.00, 7, '个', 35, 5, '教育部专项', '设备室', 1, 2, 'EQ_78_1752408003', '设备状态良好', '2025-07-13 04:00:03', '2025-07-13 04:00:03'),
(79, 3, NULL, 10, '实验室手持放大镜', 'HAN0030002', 'Advanced-80023', '索尼', '北京科学仪器公司', '036-10669254', '2024-07-29', 599.00, 5, '只', 17, 6, '省级专项资金', '设备室', 1, 1, 'EQ_79_1752408003', '', '2025-07-13 04:00:03', '2025-07-13 04:00:03'),
(80, 3, NULL, 10, '专业级手持放大镜', 'HAN0030003', 'Advanced-80033', '奥林巴斯', '北京科学仪器公司', '044-83792736', '2025-02-19', 483.00, 3, '套', 8, 5, '实验室建设专项', '设备室', 1, 2, 'EQ_80_1752408003', '需要定期维护', '2025-07-13 04:00:03', '2025-07-13 04:00:03'),
(81, 3, NULL, 11, '台式台式放大镜', 'DES0030001', 'Elite-30011', '富士', '广州实验器材公司', '013-36234338', '2023-03-13', 361.00, 4, '个', 6, 15, '学校自筹', '设备室', 1, 1, 'EQ_81_1752408003', '设备状态良好', '2025-07-13 04:00:03', '2025-07-13 04:00:03'),
(82, 3, NULL, 14, '多功能直尺', 'RUL0030001', 'Elite-30020', '富士', '北京科学仪器公司', '070-92957268', '2023-05-03', 418.00, 8, '个', 21, 9, '实验室建设专项', '设备室', 1, 1, 'EQ_82_1752408004', '需要定期维护', '2025-07-13 04:00:04', '2025-07-13 04:00:04'),
(83, 3, NULL, 14, '数字式直尺', 'RUL0030002', 'Basic-20066', '海康威视', '北京科学仪器公司', '015-16200198', '2023-09-20', 784.00, 2, '件', 14, 15, '省级专项资金', '设备室', 1, 1, 'EQ_83_1752408004', '需要定期维护', '2025-07-13 04:00:04', '2025-07-13 04:00:04'),
(84, 3, NULL, 15, '专业级卷尺', 'TAP0030001', 'Basic-20053', '奥林巴斯', '深圳科技设备公司', '048-89697995', '2022-12-01', 855.00, 2, '只', 26, 15, '教育部专项', '设备室', 1, 1, 'EQ_84_1752408004', '', '2025-07-13 04:00:04', '2025-07-13 04:00:04'),
(85, 3, NULL, 15, '台式卷尺', 'TAP0030002', 'Standard-10015', '富士', '上海教学设备公司', '038-57089532', '2024-08-30', 900.00, 6, '只', 15, 15, '学校自筹', '设备室', 1, 1, 'EQ_85_1752408004', '设备状态良好', '2025-07-13 04:00:04', '2025-07-13 04:00:04'),
(86, 3, NULL, 15, '台式卷尺', 'TAP0030003', 'Pro-50036', '松下', '上海教学设备公司', '022-86018258', '2024-01-15', 720.00, 3, '支', 24, 5, '实验室建设专项', '设备室', 1, 1, 'EQ_86_1752408004', '使用频率较高', '2025-07-13 04:00:04', '2025-07-13 04:00:04'),
(87, 3, NULL, 16, '教学用游标卡尺', 'VER0030001', 'Elite-30083', '奥林巴斯', '北京科学仪器公司', '038-19522156', '2024-06-19', 414.00, 9, '支', 18, 11, '学校自筹', '设备室', 1, 1, 'EQ_87_1752408004', '设备状态良好', '2025-07-13 04:00:04', '2025-07-13 04:00:04'),
(88, 3, NULL, 16, '教学用游标卡尺', 'VER0030002', 'Elite-30048', '松下', '深圳科技设备公司', '025-24235491', '2023-09-08', 943.00, 3, '只', 11, 9, '省级专项资金', '设备室', 1, 1, 'EQ_88_1752408004', '设备状态良好', '2025-07-13 04:00:04', '2025-07-13 04:00:04'),
(89, 3, NULL, 16, '数字式游标卡尺', 'VER0030003', 'Pro-5007', '徕卡', '北京科学仪器公司', '099-97915650', '2024-01-17', 506.00, 3, '只', 13, 14, '教育部专项', '设备室', 1, 1, 'EQ_89_1752408004', '', '2025-07-13 04:00:04', '2025-07-13 04:00:04'),
(90, 4, NULL, 3, '多功能生物显微镜', 'BIO0040001', 'Pro-50050', '大华', '深圳科技设备公司', '070-99309065', '2024-01-30', 825.00, 5, '台', 14, 5, '教育专项资金', '设备室', 1, 1, 'EQ_90_1752408004', '新购入设备', '2025-07-13 04:00:04', '2025-07-13 04:00:04'),
(91, 4, NULL, 3, '便携式生物显微镜', 'BIO0040002', 'Standard-10031', '奥林巴斯', '广州实验器材公司', '076-91198364', '2024-02-01', 132.00, 1, '只', 27, 5, '省级专项资金', '设备室', 1, 2, 'EQ_91_1752408004', '', '2025-07-13 04:00:04', '2025-07-13 04:00:04'),
(92, 4, NULL, 4, '多功能体视显微镜', 'STE0040001', 'Standard-10043', '富士', '深圳科技设备公司', '058-67564289', '2022-11-15', 268.00, 1, '个', 13, 8, '教育部专项', '设备室', 1, 1, 'EQ_92_1752408004', '', '2025-07-13 04:00:04', '2025-07-13 04:00:04'),
(93, 4, NULL, 4, '实验室体视显微镜', 'STE0040002', 'Basic-20019', '蔡司', '深圳科技设备公司', '055-67081511', '2023-08-22', 679.00, 4, '只', 19, 10, '教育部专项', '设备室', 1, 2, 'EQ_93_1752408004', '设备状态良好', '2025-07-13 04:00:04', '2025-07-13 04:00:04'),
(94, 4, NULL, 4, '便携式体视显微镜', 'STE0040003', 'Elite-3008', '大华', '深圳科技设备公司', '023-17960981', '2024-07-20', 880.00, 3, '支', 35, 14, '教育专项资金', '设备室', 1, 1, 'EQ_94_1752408004', '设备状态良好', '2025-07-13 04:00:04', '2025-07-13 04:00:04'),
(95, 4, NULL, 5, '高精度电子显微镜', 'ELE0040001', 'Basic-20019', '索尼', '上海教学设备公司', '035-25926654', '2023-02-20', 1000.00, 7, '件', 14, 7, '教育专项资金', '设备室', 1, 2, 'EQ_95_1752408004', '使用频率较高', '2025-07-13 04:00:04', '2025-07-13 04:00:04'),
(96, 4, NULL, 7, '实验室天文望远镜', 'AST0040001', 'Elite-30078', '奥林巴斯', '上海教学设备公司', '022-81256476', '2023-04-18', 746.00, 6, '件', 25, 10, '省级专项资金', '设备室', 1, 1, 'EQ_96_1752408004', '需要定期维护', '2025-07-13 04:00:04', '2025-07-13 04:00:04'),
(97, 4, NULL, 8, '高精度地理望远镜', 'GEO0040001', 'Standard-10019', '尼康', '深圳科技设备公司', '018-91667700', '2022-11-29', 184.00, 1, '件', 16, 15, '学校自筹', '设备室', 1, 1, 'EQ_97_1752408004', '需要定期维护', '2025-07-13 04:00:04', '2025-07-13 04:00:04'),
(98, 4, NULL, 8, '教学用地理望远镜', 'GEO0040002', 'Advanced-80035', '蔡司', '天津仪器设备公司', '018-67946292', '2023-05-02', 370.00, 1, '只', 26, 5, '学校自筹', '设备室', 1, 1, 'EQ_98_1752408004', '新购入设备', '2025-07-13 04:00:04', '2025-07-13 04:00:04'),
(99, 4, NULL, 8, '台式地理望远镜', 'GEO0040003', 'Standard-10052', '奥林巴斯', '天津仪器设备公司', '020-32925644', '2025-03-19', 958.00, 1, '只', 7, 12, '实验室建设专项', '设备室', 1, 1, 'EQ_99_1752408005', '使用频率较高', '2025-07-13 04:00:05', '2025-07-13 04:00:05'),
(100, 4, NULL, 10, '多功能手持放大镜', 'HAN0040001', 'XS-200010', '大华', '广州实验器材公司', '068-23990495', '2024-10-13', 129.00, 9, '件', 8, 15, '实验室建设专项', '设备室', 1, 1, 'EQ_100_1752408005', '', '2025-07-13 04:00:05', '2025-07-13 04:00:05'),
(101, 4, NULL, 10, '便携式手持放大镜', 'HAN0040002', 'Standard-10080', '尼康', '广州实验器材公司', '032-16592772', '2023-08-27', 643.00, 1, '只', 27, 12, '学校自筹', '设备室', 1, 1, 'EQ_101_1752408005', '', '2025-07-13 04:00:05', '2025-07-13 04:00:05'),
(102, 4, NULL, 10, '数字式手持放大镜', 'HAN0040003', 'Elite-30053', '海康威视', '北京科学仪器公司', '080-26486886', '2022-09-01', 112.00, 6, '只', 26, 7, '教育部专项', '设备室', 1, 1, 'EQ_102_1752408005', '使用频率较高', '2025-07-13 04:00:05', '2025-07-13 04:00:05'),
(103, 4, NULL, 11, '教学用台式放大镜', 'DES0040001', 'Elite-30052', '大华', '天津仪器设备公司', '021-89626607', '2023-05-08', 134.00, 10, '个', 35, 8, '省级专项资金', '设备室', 1, 1, 'EQ_103_1752408005', '', '2025-07-13 04:00:05', '2025-07-13 04:00:05'),
(104, 4, NULL, 11, '教学用台式放大镜', 'DES0040002', 'Basic-20079', '佳能', '上海教学设备公司', '065-28608109', '2025-04-23', 754.00, 4, '件', 14, 15, '教育专项资金', '设备室', 1, 1, 'EQ_104_1752408005', '', '2025-07-13 04:00:05', '2025-07-13 04:00:05'),
(105, 4, NULL, 14, '高精度直尺', 'RUL0040001', 'Advanced-80033', '索尼', '天津仪器设备公司', '076-33798561', '2024-03-21', 111.00, 2, '个', 31, 8, '学校自筹', '设备室', 1, 2, 'EQ_105_1752408005', '新购入设备', '2025-07-13 04:00:05', '2025-07-13 04:00:05'),
(106, 4, NULL, 15, '高精度卷尺', 'TAP0040001', 'Pro-50028', '海康威视', '天津仪器设备公司', '028-29963009', '2024-01-23', 773.00, 9, '支', 7, 7, '省级专项资金', '设备室', 1, 1, 'EQ_106_1752408005', '新购入设备', '2025-07-13 04:00:05', '2025-07-13 04:00:05'),
(107, 4, NULL, 16, '实验室游标卡尺', 'VER0040001', 'Elite-30045', '徕卡', '广州实验器材公司', '053-93534903', '2025-04-11', 558.00, 1, '只', 23, 7, '学校自筹', '设备室', 1, 1, 'EQ_107_1752408005', '新购入设备', '2025-07-13 04:00:05', '2025-07-13 04:00:05'),
(108, 4, NULL, 16, '便携式游标卡尺', 'VER0040002', 'XS-200046', '松下', '广州实验器材公司', '064-45427935', '2024-06-24', 621.00, 9, '套', 11, 11, '实验室建设专项', '设备室', 1, 1, 'EQ_108_1752408005', '设备状态良好', '2025-07-13 04:00:05', '2025-07-13 04:00:05'),
(109, 5, NULL, 3, '多功能生物显微镜', 'BIO0050001', 'Advanced-80096', '尼康', '广州实验器材公司', '083-20769894', '2024-10-02', 305.00, 10, '套', 25, 13, '实验室建设专项', '设备室', 1, 1, 'EQ_109_1752408005', '', '2025-07-13 04:00:05', '2025-07-13 04:00:05'),
(110, 5, NULL, 4, '多功能体视显微镜', 'STE0050001', 'Advanced-80051', '奥林巴斯', '广州实验器材公司', '099-49438148', '2022-11-05', 534.00, 6, '支', 17, 13, '实验室建设专项', '设备室', 1, 1, 'EQ_110_1752408005', '需要定期维护', '2025-07-13 04:00:05', '2025-07-13 04:00:05'),
(111, 5, NULL, 4, '台式体视显微镜', 'STE0050002', 'Standard-10037', '索尼', '天津仪器设备公司', '083-23450323', '2024-08-14', 982.00, 3, '套', 15, 11, '教育专项资金', '设备室', 1, 1, 'EQ_111_1752408005', '新购入设备', '2025-07-13 04:00:05', '2025-07-13 04:00:05'),
(112, 5, NULL, 4, '台式体视显微镜', 'STE0050003', 'Pro-50022', '尼康', '广州实验器材公司', '051-31418437', '2022-08-26', 569.00, 7, '件', 20, 15, '教育专项资金', '设备室', 1, 1, 'EQ_112_1752408005', '', '2025-07-13 04:00:05', '2025-07-13 04:00:05'),
(113, 5, NULL, 5, '专业级电子显微镜', 'ELE0050001', 'Advanced-80051', '蔡司', '上海教学设备公司', '015-54168437', '2024-09-30', 715.00, 1, '个', 15, 11, '省级专项资金', '设备室', 1, 1, 'EQ_113_1752408006', '设备状态良好', '2025-07-13 04:00:06', '2025-07-13 04:00:06'),
(114, 5, NULL, 5, '专业级电子显微镜', 'ELE0050002', 'Advanced-80068', '大华', '北京科学仪器公司', '055-29772561', '2024-03-12', 540.00, 1, '套', 13, 14, '实验室建设专项', '设备室', 1, 1, 'EQ_114_1752408006', '', '2025-07-13 04:00:06', '2025-07-13 04:00:06'),
(115, 5, NULL, 7, '实验室天文望远镜', 'AST0050001', 'Standard-10094', '蔡司', '广州实验器材公司', '015-18905261', '2023-07-24', 215.00, 10, '套', 6, 10, '省级专项资金', '设备室', 1, 1, 'EQ_115_1752408006', '使用频率较高', '2025-07-13 04:00:06', '2025-07-13 04:00:06'),
(116, 5, NULL, 7, '实验室天文望远镜', 'AST0050002', 'Elite-30077', '奥林巴斯', '深圳科技设备公司', '030-77071266', '2024-05-15', 920.00, 6, '支', 8, 9, '省级专项资金', '设备室', 1, 1, 'EQ_116_1752408006', '设备状态良好', '2025-07-13 04:00:06', '2025-07-13 04:00:06'),
(117, 5, NULL, 8, '专业级地理望远镜', 'GEO0050001', 'Standard-10066', '尼康', '深圳科技设备公司', '085-68812264', '2023-08-21', 302.00, 3, '件', 6, 10, '实验室建设专项', '设备室', 1, 1, 'EQ_117_1752408006', '设备状态良好', '2025-07-13 04:00:06', '2025-07-13 04:00:06'),
(118, 5, NULL, 8, '数字式地理望远镜', 'GEO0050002', 'Elite-30098', '大华', '北京科学仪器公司', '069-78915881', '2024-10-07', 680.00, 5, '台', 10, 7, '教育部专项', '设备室', 1, 1, 'EQ_118_1752408006', '设备状态良好', '2025-07-13 04:00:06', '2025-07-13 04:00:06'),
(119, 5, NULL, 8, '数字式地理望远镜', 'GEO0050003', 'Pro-50040', '蔡司', '广州实验器材公司', '039-17661246', '2024-07-20', 984.00, 9, '件', 21, 6, '省级专项资金', '设备室', 1, 1, 'EQ_119_1752408006', '使用频率较高', '2025-07-13 04:00:06', '2025-07-13 04:00:06'),
(120, 5, NULL, 10, '便携式手持放大镜', 'HAN0050001', 'Pro-50034', '蔡司', '广州实验器材公司', '097-86558182', '2024-11-11', 703.00, 6, '只', 20, 14, '教育部专项', '设备室', 1, 1, 'EQ_120_1752408006', '设备状态良好', '2025-07-13 04:00:06', '2025-07-13 04:00:06'),
(121, 5, NULL, 10, '实验室手持放大镜', 'HAN0050002', 'XS-200062', '索尼', '深圳科技设备公司', '016-49729877', '2022-09-11', 607.00, 2, '个', 32, 9, '省级专项资金', '设备室', 1, 1, 'EQ_121_1752408006', '需要定期维护', '2025-07-13 04:00:06', '2025-07-13 04:00:06'),
(122, 5, NULL, 11, '台式台式放大镜', 'DES0050001', 'Basic-20080', '索尼', '天津仪器设备公司', '062-36634766', '2024-12-23', 549.00, 6, '套', 26, 10, '教育专项资金', '设备室', 1, 1, 'EQ_122_1752408006', '设备状态良好', '2025-07-13 04:00:06', '2025-07-13 04:00:06'),
(123, 5, NULL, 11, '台式台式放大镜', 'DES0050002', 'XS-200054', '富士', '天津仪器设备公司', '067-97019721', '2024-11-15', 261.00, 6, '只', 21, 5, '学校自筹', '设备室', 1, 1, 'EQ_123_1752408006', '使用频率较高', '2025-07-13 04:00:06', '2025-07-13 04:00:06'),
(124, 5, NULL, 14, '便携式直尺', 'RUL0050001', 'Pro-50079', '奥林巴斯', '天津仪器设备公司', '081-27897954', '2022-09-14', 621.00, 1, '只', 31, 8, '教育部专项', '设备室', 1, 1, 'EQ_124_1752408006', '使用频率较高', '2025-07-13 04:00:06', '2025-07-13 04:00:06'),
(125, 5, NULL, 14, '多功能直尺', 'RUL0050002', 'Standard-10085', '佳能', '上海教学设备公司', '013-42386591', '2023-10-24', 784.00, 3, '台', 15, 7, '实验室建设专项', '设备室', 1, 1, 'EQ_125_1752408006', '需要定期维护', '2025-07-13 04:00:06', '2025-07-13 04:00:06'),
(126, 5, NULL, 15, '专业级卷尺', 'TAP0050001', 'XS-200070', '海康威视', '上海教学设备公司', '057-17657916', '2023-08-06', 977.00, 2, '支', 25, 8, '教育部专项', '设备室', 1, 2, 'EQ_126_1752408006', '需要定期维护', '2025-07-13 04:00:06', '2025-07-13 04:00:06'),
(127, 5, NULL, 15, '便携式卷尺', 'TAP0050002', 'Elite-30033', '徕卡', '天津仪器设备公司', '019-90696808', '2023-11-17', 704.00, 8, '件', 23, 9, '教育部专项', '设备室', 1, 2, 'EQ_127_1752408006', '新购入设备', '2025-07-13 04:00:06', '2025-07-13 04:00:06'),
(128, 5, NULL, 15, '台式卷尺', 'TAP0050003', 'Basic-20087', '佳能', '北京科学仪器公司', '033-73546902', '2024-08-11', 437.00, 4, '个', 32, 11, '学校自筹', '设备室', 1, 1, 'EQ_128_1752408006', '设备状态良好', '2025-07-13 04:00:06', '2025-07-13 04:00:06'),
(129, 5, NULL, 16, '台式游标卡尺', 'VER0050001', 'XS-200081', '佳能', '北京科学仪器公司', '055-74986306', '2023-04-08', 294.00, 7, '件', 9, 8, '教育部专项', '设备室', 1, 1, 'EQ_129_1752408006', '设备状态良好', '2025-07-13 04:00:06', '2025-07-13 04:00:06'),
(130, 5, NULL, 16, '高精度游标卡尺', 'VER0050002', 'Standard-1007', '大华', '深圳科技设备公司', '026-10694187', '2022-12-15', 367.00, 8, '件', 25, 12, '省级专项资金', '设备室', 1, 1, 'EQ_130_1752408006', '需要定期维护', '2025-07-13 04:00:06', '2025-07-13 04:00:06'),
(131, 5, NULL, 16, '专业级游标卡尺', 'VER0050003', 'XS-200044', '大华', '天津仪器设备公司', '011-61293976', '2024-07-21', 158.00, 3, '套', 12, 7, '实验室建设专项', '设备室', 1, 2, 'EQ_131_1752408006', '设备状态良好', '2025-07-13 04:00:06', '2025-07-13 04:00:06'),
(132, 6, NULL, 3, '高精度生物显微镜', 'BIO0060001', 'Pro-50055', '索尼', '北京科学仪器公司', '029-82637738', '2023-12-29', 251.00, 6, '台', 32, 15, '省级专项资金', '设备室', 1, 2, 'EQ_132_1752408007', '新购入设备', '2025-07-13 04:00:07', '2025-07-13 04:00:07'),
(133, 6, NULL, 3, '教学用生物显微镜', 'BIO0060002', 'XS-200029', '奥林巴斯', '天津仪器设备公司', '059-65622024', '2022-07-29', 746.00, 1, '支', 24, 10, '实验室建设专项', '设备室', 1, 1, 'EQ_133_1752408007', '', '2025-07-13 04:00:07', '2025-07-13 04:00:07'),
(134, 6, NULL, 4, '台式体视显微镜', 'STE0060001', 'Basic-20051', '尼康', '上海教学设备公司', '055-78703684', '2024-02-16', 104.00, 3, '台', 16, 10, '教育部专项', '设备室', 1, 1, 'EQ_134_1752408007', '使用频率较高', '2025-07-13 04:00:07', '2025-07-13 04:00:07'),
(135, 6, NULL, 4, '实验室体视显微镜', 'STE0060002', 'Standard-10089', '尼康', '深圳科技设备公司', '041-27582071', '2025-05-07', 769.00, 9, '台', 34, 9, '实验室建设专项', '设备室', 1, 2, 'EQ_135_1752408007', '设备状态良好', '2025-07-13 04:00:07', '2025-07-13 04:00:07'),
(136, 6, NULL, 4, '便携式体视显微镜', 'STE0060003', 'Pro-50077', '蔡司', '深圳科技设备公司', '092-21901340', '2023-09-11', 640.00, 2, '件', 29, 5, '省级专项资金', '设备室', 1, 1, 'EQ_136_1752408007', '设备状态良好', '2025-07-13 04:00:07', '2025-07-13 04:00:07'),
(137, 6, NULL, 5, '教学用电子显微镜', 'ELE0060001', 'Advanced-8002', '大华', '上海教学设备公司', '072-52410966', '2022-10-08', 406.00, 4, '只', 14, 15, '教育部专项', '设备室', 1, 1, 'EQ_137_1752408008', '使用频率较高', '2025-07-13 04:00:08', '2025-07-13 04:00:08'),
(138, 6, NULL, 5, '专业级电子显微镜', 'ELE0060002', 'Standard-10067', '尼康', '上海教学设备公司', '064-90683398', '2023-03-09', 568.00, 9, '个', 12, 9, '教育部专项', '设备室', 1, 1, 'EQ_138_1752408008', '', '2025-07-13 04:00:08', '2025-07-13 04:00:08'),
(139, 6, NULL, 7, '高精度天文望远镜', 'AST0060001', 'Elite-30010', '蔡司', '深圳科技设备公司', '017-86208767', '2024-06-28', 357.00, 8, '支', 19, 15, '实验室建设专项', '设备室', 1, 1, 'EQ_139_1752408008', '设备状态良好', '2025-07-13 04:00:08', '2025-07-13 04:00:08'),
(140, 6, NULL, 7, '便携式天文望远镜', 'AST0060002', 'Basic-20058', '索尼', '深圳科技设备公司', '040-32525872', '2024-01-21', 490.00, 8, '套', 22, 8, '教育部专项', '设备室', 1, 2, 'EQ_140_1752408008', '新购入设备', '2025-07-13 04:00:08', '2025-07-13 04:00:08'),
(141, 6, NULL, 8, '实验室地理望远镜', 'GEO0060001', 'Elite-30018', '蔡司', '深圳科技设备公司', '073-91707871', '2024-10-02', 232.00, 9, '只', 11, 5, '学校自筹', '设备室', 1, 2, 'EQ_141_1752408008', '新购入设备', '2025-07-13 04:00:08', '2025-07-13 04:00:08'),
(142, 6, NULL, 10, '专业级手持放大镜', 'HAN0060001', 'XS-200011', '索尼', '广州实验器材公司', '017-16988167', '2024-11-23', 763.00, 8, '件', 24, 12, '省级专项资金', '设备室', 1, 1, 'EQ_142_1752408008', '使用频率较高', '2025-07-13 04:00:08', '2025-07-13 04:00:08'),
(143, 6, NULL, 10, '数字式手持放大镜', 'HAN0060002', 'Basic-20053', '徕卡', '广州实验器材公司', '034-31425560', '2023-05-28', 750.00, 1, '套', 12, 11, '教育部专项', '设备室', 1, 1, 'EQ_143_1752408008', '设备状态良好', '2025-07-13 04:00:08', '2025-07-13 04:00:08'),
(144, 6, NULL, 10, '数字式手持放大镜', 'HAN0060003', 'Pro-50012', '奥林巴斯', '北京科学仪器公司', '092-70902692', '2022-11-30', 223.00, 9, '件', 23, 8, '教育专项资金', '设备室', 1, 1, 'EQ_144_1752408008', '新购入设备', '2025-07-13 04:00:08', '2025-07-13 04:00:08'),
(145, 6, NULL, 11, '高精度台式放大镜', 'DES0060001', 'XS-200057', '大华', '广州实验器材公司', '020-32584200', '2025-03-20', 947.00, 4, '个', 14, 14, '学校自筹', '设备室', 1, 2, 'EQ_145_1752408008', '新购入设备', '2025-07-13 04:00:08', '2025-07-13 04:00:08'),
(146, 6, NULL, 11, '便携式台式放大镜', 'DES0060002', 'Standard-10089', '海康威视', '北京科学仪器公司', '046-13546099', '2023-12-22', 567.00, 2, '个', 28, 14, '省级专项资金', '设备室', 1, 1, 'EQ_146_1752408008', '', '2025-07-13 04:00:08', '2025-07-13 04:00:08'),
(147, 6, NULL, 11, '实验室台式放大镜', 'DES0060003', 'Basic-20074', '松下', '深圳科技设备公司', '061-40092137', '2023-07-20', 806.00, 9, '台', 14, 12, '教育专项资金', '设备室', 1, 1, 'EQ_147_1752408008', '设备状态良好', '2025-07-13 04:00:08', '2025-07-13 04:00:08'),
(148, 6, NULL, 14, '多功能直尺', 'RUL0060001', 'Advanced-80096', '佳能', '上海教学设备公司', '026-76001572', '2023-12-27', 354.00, 9, '个', 21, 5, '实验室建设专项', '设备室', 1, 2, 'EQ_148_1752408008', '新购入设备', '2025-07-13 04:00:08', '2025-07-13 04:00:08'),
(149, 6, NULL, 14, '教学用直尺', 'RUL0060002', 'Pro-50014', '奥林巴斯', '上海教学设备公司', '054-11338632', '2023-01-06', 639.00, 1, '个', 6, 13, '教育部专项', '设备室', 1, 1, 'EQ_149_1752408008', '新购入设备', '2025-07-13 04:00:08', '2025-07-13 04:00:08'),
(150, 6, NULL, 14, '实验室直尺', 'RUL0060003', 'Pro-50072', '海康威视', '深圳科技设备公司', '082-55611590', '2023-05-02', 724.00, 8, '个', 6, 7, '实验室建设专项', '设备室', 1, 1, 'EQ_150_1752408008', '需要定期维护', '2025-07-13 04:00:08', '2025-07-13 04:00:08'),
(151, 6, NULL, 15, '数字式卷尺', 'TAP0060001', 'Basic-2007', '大华', '上海教学设备公司', '065-49159627', '2022-11-27', 430.00, 4, '套', 9, 5, '教育部专项', '设备室', 1, 1, 'EQ_151_1752408008', '', '2025-07-13 04:00:08', '2025-07-13 04:00:08'),
(152, 6, NULL, 16, '实验室游标卡尺', 'VER0060001', 'Advanced-80045', '索尼', '广州实验器材公司', '047-72892867', '2024-04-11', 189.00, 2, '台', 13, 7, '教育部专项', '设备室', 1, 1, 'EQ_152_1752408008', '需要定期维护', '2025-07-13 04:00:08', '2025-07-13 04:00:08');

-- --------------------------------------------------------

--
-- 表的结构 `equipment_attachments`
--

CREATE TABLE `equipment_attachments` (
  `id` bigint(20) UNSIGNED NOT NULL,
  `equipment_id` bigint(20) UNSIGNED NOT NULL,
  `file_name` varchar(255) NOT NULL COMMENT '文件名',
  `original_name` varchar(255) NOT NULL COMMENT '原始文件名',
  `file_path` varchar(255) NOT NULL COMMENT '文件路径',
  `file_type` varchar(50) NOT NULL COMMENT '文件类型：image,document,video,audio,other',
  `mime_type` varchar(100) NOT NULL COMMENT 'MIME类型',
  `file_size` bigint(20) NOT NULL COMMENT '文件大小(字节)',
  `file_extension` varchar(10) NOT NULL COMMENT '文件扩展名',
  `attachment_type` varchar(50) NOT NULL COMMENT '附件类型：photo,manual,certificate,other',
  `description` text DEFAULT NULL COMMENT '文件描述',
  `sort_order` int(11) NOT NULL DEFAULT 0 COMMENT '排序',
  `is_primary` tinyint(1) NOT NULL DEFAULT 0 COMMENT '是否主图片',
  `uploaded_by` bigint(20) UNSIGNED NOT NULL,
  `created_at` timestamp NULL DEFAULT NULL,
  `updated_at` timestamp NULL DEFAULT NULL
) ENGINE=InnoDB DEFAULT CHARSET=utf8mb4 COLLATE=utf8mb4_unicode_ci;

-- --------------------------------------------------------

--
-- 表的结构 `equipment_borrows`
--

CREATE TABLE `equipment_borrows` (
  `id` bigint(20) UNSIGNED NOT NULL,
  `equipment_id` bigint(20) UNSIGNED NOT NULL COMMENT '设备ID',
  `reservation_id` bigint(20) UNSIGNED DEFAULT NULL COMMENT '实验预约ID',
  `borrower_id` bigint(20) UNSIGNED NOT NULL COMMENT '借用人ID',
  `quantity` int(11) NOT NULL DEFAULT 1 COMMENT '借用数量',
  `borrow_date` date NOT NULL COMMENT '借用日期',
  `expected_return_date` date NOT NULL COMMENT '预期归还日期',
  `actual_return_date` date DEFAULT NULL COMMENT '实际归还日期',
  `purpose` text DEFAULT NULL COMMENT '借用目的',
  `remark` text DEFAULT NULL COMMENT '备注',
  `status` tinyint(4) NOT NULL DEFAULT 1 COMMENT '状态：1借用中 2已归还 3逾期 4损坏',
  `approver_id` bigint(20) UNSIGNED DEFAULT NULL COMMENT '审批人ID',
  `approved_at` timestamp NULL DEFAULT NULL COMMENT '审批时间',
  `approval_remark` text DEFAULT NULL COMMENT '审批备注',
  `created_at` timestamp NULL DEFAULT NULL,
  `updated_at` timestamp NULL DEFAULT NULL
) ENGINE=InnoDB DEFAULT CHARSET=utf8mb4 COLLATE=utf8mb4_unicode_ci;

--
-- 转存表中的数据 `equipment_borrows`
--

INSERT INTO `equipment_borrows` (`id`, `equipment_id`, `reservation_id`, `borrower_id`, `quantity`, `borrow_date`, `expected_return_date`, `actual_return_date`, `purpose`, `remark`, `status`, `approver_id`, `approved_at`, `approval_remark`, `created_at`, `updated_at`) VALUES
(1, 2, NULL, 1, 1, '2025-07-11', '2025-08-05', NULL, '实验技能竞赛准备', '使用完毕请断电并整理', 5, NULL, NULL, NULL, '2025-07-13 03:35:56', '2025-07-13 03:35:56'),
(2, 2, NULL, 1, 1, '2025-07-10', '2025-07-23', NULL, '教师培训使用', '借用期间请勿转借他人', 5, NULL, NULL, NULL, '2025-07-13 03:35:56', '2025-07-13 03:35:56'),
(3, 10, NULL, 1, 2, '2025-07-08', '2025-07-18', NULL, '实验方法研究', '实验过程中如有问题请联系管理员', 5, NULL, NULL, NULL, '2025-07-13 03:35:56', '2025-07-13 03:35:56'),
(4, 2, NULL, 1, 3, '2025-07-11', '2025-08-10', NULL, '生物实验课教学使用', '注意安全操作', 5, NULL, NULL, NULL, '2025-07-13 03:35:56', '2025-07-13 03:35:56'),
(5, 13, NULL, 1, 3, '2025-07-08', '2025-07-16', NULL, '物理实验课教学使用', '感谢配合实验室管理工作', 5, NULL, NULL, NULL, '2025-07-13 03:35:56', '2025-07-13 03:35:56'),
(6, 17, NULL, 1, 3, '2025-07-03', '2025-07-28', NULL, '科普展示活动', '', 1, 1, '2025-07-03 13:35:56', '审批通过', '2025-07-13 03:35:56', '2025-07-13 03:35:56'),
(7, 19, NULL, 1, 3, '2025-07-02', '2025-07-09', NULL, '实验方法研究', '实验过程中如有问题请联系管理员', 3, 1, '2025-07-02 19:35:56', '审批通过', '2025-07-13 03:35:56', '2025-07-13 03:37:25'),
(8, 11, NULL, 1, 1, '2025-07-03', '2025-07-25', NULL, '物理实验课教学使用', '请妥善保管，按时归还', 1, 1, '2025-07-03 06:35:56', '审批通过', '2025-07-13 03:35:56', '2025-07-13 03:35:56'),
(9, 17, NULL, 1, 2, '2025-07-03', '2025-07-30', NULL, '设备功能测试', '感谢配合实验室管理工作', 1, 1, '2025-07-03 09:35:56', '审批通过', '2025-07-13 03:35:56', '2025-07-13 03:35:56'),
(10, 14, NULL, 1, 2, '2025-07-06', '2025-07-20', NULL, '设备功能测试', '设备使用前请检查完好性', 1, 1, '2025-07-06 10:35:56', '审批通过', '2025-07-13 03:35:56', '2025-07-13 03:35:56'),
(11, 19, NULL, 1, 1, '2025-07-04', '2025-08-03', NULL, '生物实验课教学使用', '使用完毕请断电并整理', 1, 1, '2025-07-04 16:35:56', '审批通过', '2025-07-13 03:35:56', '2025-07-13 03:35:56'),
(12, 5, NULL, 1, 2, '2025-07-05', '2025-07-20', NULL, '物理实验课教学使用', '', 1, 1, '2025-07-05 20:35:56', '审批通过', '2025-07-13 03:35:56', '2025-07-13 03:35:56'),
(13, 4, NULL, 1, 1, '2025-07-04', '2025-07-28', NULL, '物理实验课教学使用', '实验结束后及时清洁设备', 1, 1, '2025-07-04 07:35:56', '审批通过', '2025-07-13 03:35:56', '2025-07-13 03:35:56'),
(14, 19, NULL, 1, 1, '2025-06-23', '2025-07-13', '2025-07-12', '生物实验课教学使用', '如有损坏请及时报告', 2, 1, '2025-06-24 02:35:56', '审批通过', '2025-07-13 03:35:56', '2025-07-13 03:35:56'),
(15, 15, NULL, 1, 1, '2025-06-23', '2025-07-01', '2025-07-01', '教师培训使用', '使用完毕请断电并整理', 2, 1, '2025-06-23 09:35:56', '审批通过', '2025-07-13 03:35:56', '2025-07-13 03:35:56'),
(16, 23, NULL, 1, 1, '2025-06-28', '2025-07-19', '2025-07-19', '科普展示活动', '', 2, 1, '2025-06-28 09:35:56', '审批通过', '2025-07-13 03:35:56', '2025-07-13 03:35:56'),
(17, 5, NULL, 1, 1, '2025-06-24', '2025-07-15', '2025-07-12', '实验技能竞赛准备', '', 2, 1, '2025-06-24 22:35:56', '审批通过', '2025-07-13 03:35:56', '2025-07-13 03:35:56'),
(18, 4, NULL, 1, 2, '2025-06-27', '2025-07-16', '2025-07-14', '学生毕业设计实验', '借用期间请勿转借他人', 2, 1, '2025-06-27 14:35:56', '审批通过', '2025-07-13 03:35:56', '2025-07-13 03:35:56'),
(19, 7, NULL, 1, 2, '2025-06-23', '2025-07-17', '2025-07-15', '设备功能测试', '借用期间请勿转借他人', 2, 1, '2025-06-24 01:35:56', '审批通过', '2025-07-13 03:35:56', '2025-07-13 03:35:56'),
(20, 24, NULL, 1, 2, '2025-06-28', '2025-07-28', '2025-07-26', '生物实验课教学使用', '', 2, 1, '2025-06-28 14:35:56', '审批通过', '2025-07-13 03:35:56', '2025-07-13 03:35:56'),
(21, 8, NULL, 1, 2, '2025-06-27', '2025-07-09', '2025-07-07', '实验技能竞赛准备', '借用期间请勿转借他人', 2, 1, '2025-06-28 02:35:57', '审批通过', '2025-07-13 03:35:57', '2025-07-13 03:35:57'),
(22, 9, NULL, 1, 1, '2025-06-24', '2025-07-05', '2025-07-02', '实验方法研究', '实验结束后及时清洁设备', 2, 1, '2025-06-24 11:35:57', '审批通过', '2025-07-13 03:35:57', '2025-07-13 03:35:57'),
(23, 21, NULL, 1, 2, '2025-06-23', '2025-07-08', '2025-07-08', '物理实验课教学使用', '', 2, 1, '2025-06-23 20:35:57', '审批通过', '2025-07-13 03:35:57', '2025-07-13 03:35:57'),
(24, 9, NULL, 1, 3, '2025-06-25', '2025-07-19', '2025-07-18', '教学观摩课使用', '', 2, 1, '2025-06-25 08:35:57', '审批通过', '2025-07-13 03:35:57', '2025-07-13 03:35:57'),
(25, 11, NULL, 1, 1, '2025-06-24', '2025-07-09', '2025-07-06', '教学研究实验', '', 2, 1, '2025-06-24 13:35:57', '审批通过', '2025-07-13 03:35:57', '2025-07-13 03:35:57'),
(26, 22, NULL, 1, 3, '2025-06-23', '2025-07-11', NULL, '科学兴趣小组活动', '', 3, 1, '2025-06-23 09:35:57', '审批通过', '2025-07-13 03:35:57', '2025-07-13 03:35:57'),
(27, 8, NULL, 1, 2, '2025-06-19', '2025-07-09', NULL, '学生毕业设计实验', '感谢配合实验室管理工作', 3, 1, '2025-06-19 08:35:57', '审批通过', '2025-07-13 03:35:57', '2025-07-13 03:35:57'),
(28, 17, NULL, 1, 2, '2025-06-22', '2025-07-04', NULL, '教师培训使用', '设备使用前请检查完好性', 3, 1, '2025-06-22 23:35:57', '审批通过', '2025-07-13 03:35:57', '2025-07-13 03:35:57'),
(29, 11, NULL, 1, 2, '2025-07-02', '2025-07-16', NULL, '学生毕业设计实验', '申请借用', 6, 1, '2025-07-02 19:35:57', '设备维修中，暂不可借用', '2025-07-13 03:35:57', '2025-07-13 03:35:57'),
(30, 18, NULL, 1, 2, '2025-07-02', '2025-07-16', NULL, '实验方法研究', '申请借用', 6, 1, '2025-07-03 07:35:57', '设备维修中，暂不可借用', '2025-07-13 03:35:57', '2025-07-13 03:35:57'),
(31, 9, NULL, 1, 1, '2025-07-04', '2025-07-11', NULL, '科学兴趣小组活动', '申请借用', 6, 1, '2025-07-05 18:35:57', '设备维修中，暂不可借用', '2025-07-13 03:35:57', '2025-07-13 03:35:57'),
(32, 1, NULL, 1, 1, '2025-07-14', '2025-07-20', '2025-07-13', '测试借用申请', '这是一个测试借用申请\n归还备注：设备完好归还', 2, 1, '2025-07-13 03:37:24', '审批通过，请按时归还', '2025-07-13 03:37:24', '2025-07-13 03:37:24'),
(33, 1, NULL, 1, 1, '2025-07-14', '2025-07-23', NULL, '批量借用测试', '测试批量借用功能', 1, 1, '2025-07-13 03:37:25', '批量审批通过', '2025-07-13 03:37:24', '2025-07-13 03:37:25'),
(34, 2, NULL, 1, 1, '2025-07-14', '2025-07-23', NULL, '批量借用测试', '测试批量借用功能', 1, 1, '2025-07-13 03:37:25', '批量审批通过', '2025-07-13 03:37:24', '2025-07-13 03:37:25'),
(35, 99, NULL, 1, 1, '2025-06-12', '2025-07-10', NULL, '实验演示', '如有问题及时联系', 5, NULL, NULL, NULL, '2025-07-13 04:00:09', '2025-07-13 04:00:09'),
(36, 81, NULL, 1, 2, '2025-06-24', '2025-07-06', NULL, '学生实践', '请按时归还', 5, NULL, NULL, NULL, '2025-07-13 04:00:09', '2025-07-13 04:00:09'),
(37, 109, NULL, 1, 1, '2025-04-28', '2025-05-15', '2025-05-10', '教师培训', '', 2, 1, '2025-04-29 01:00:09', '审批通过', '2025-07-13 04:00:09', '2025-07-13 04:00:09'),
(38, 86, NULL, 1, 3, '2025-05-22', '2025-06-02', NULL, '学生实践', '如有问题及时联系', 1, 1, '2025-05-23 03:00:09', '审批通过', '2025-07-13 04:00:09', '2025-07-13 04:00:09'),
(39, 100, NULL, 1, 2, '2025-06-01', '2025-06-12', '2025-06-07', '教师培训', '', 2, 1, '2025-06-02 13:00:09', '审批通过', '2025-07-13 04:00:09', '2025-07-13 04:00:09'),
(40, 33, NULL, 1, 3, '2025-05-09', '2025-06-07', NULL, '实验演示', '请按时归还', 5, NULL, NULL, NULL, '2025-07-13 04:00:09', '2025-07-13 04:00:09'),
(41, 137, NULL, 1, 1, '2025-06-28', '2025-07-25', NULL, '教学实验', '请按时归还', 3, 1, '2025-06-28 22:00:09', '审批通过', '2025-07-13 04:00:09', '2025-07-13 04:00:09'),
(42, 79, NULL, 1, 3, '2025-05-29', '2025-06-26', NULL, '学生实践', '请按时归还', 3, 1, '2025-05-29 11:00:09', '审批通过', '2025-07-13 04:00:09', '2025-07-13 04:00:09'),
(43, 125, NULL, 1, 3, '2025-07-03', '2025-07-30', '2025-07-29', '实验演示', '注意安全使用', 2, 1, '2025-07-05 03:00:09', '审批通过', '2025-07-13 04:00:09', '2025-07-13 04:00:09'),
(44, 28, NULL, 1, 1, '2025-04-30', '2025-05-23', '2025-05-19', '教学实验', '请按时归还', 2, 1, '2025-05-01 03:00:09', '审批通过', '2025-07-13 04:00:09', '2025-07-13 04:00:09'),
(45, 48, NULL, 1, 3, '2025-07-07', '2025-07-25', NULL, '科研项目', '如有问题及时联系', 1, 1, '2025-07-08 16:00:09', '审批通过', '2025-07-13 04:00:09', '2025-07-13 04:00:09'),
(46, 87, NULL, 1, 1, '2025-06-11', '2025-07-01', NULL, '教师培训', '如有问题及时联系', 1, 1, '2025-06-11 23:00:09', '审批通过', '2025-07-13 04:00:09', '2025-07-13 04:00:09'),
(47, 146, NULL, 1, 2, '2025-05-25', '2025-06-16', NULL, '学生实践', '如有问题及时联系', 1, 1, '2025-05-27 03:00:09', '审批通过', '2025-07-13 04:00:09', '2025-07-13 04:00:09'),
(48, 35, NULL, 1, 1, '2025-05-24', '2025-06-19', NULL, '教师培训', '注意安全使用', 5, NULL, NULL, NULL, '2025-07-13 04:00:09', '2025-07-13 04:00:09'),
(49, 121, NULL, 1, 2, '2025-07-03', '2025-07-26', NULL, '教师培训', '注意安全使用', 5, NULL, NULL, NULL, '2025-07-13 04:00:09', '2025-07-13 04:00:09'),
(50, 74, NULL, 1, 2, '2025-06-04', '2025-07-01', NULL, '科研项目', '请按时归还', 1, 1, '2025-06-05 11:00:09', '审批通过', '2025-07-13 04:00:09', '2025-07-13 04:00:09'),
(51, 108, NULL, 1, 2, '2025-07-10', '2025-07-23', '2025-07-23', '教师培训', '', 2, 1, '2025-07-10 08:00:09', '审批通过', '2025-07-13 04:00:09', '2025-07-13 04:00:09'),
(52, 116, NULL, 1, 2, '2025-07-04', '2025-07-18', '2025-07-15', '设备测试', '注意安全使用', 2, 1, '2025-07-06 03:00:09', '审批通过', '2025-07-13 04:00:09', '2025-07-13 04:00:09'),
(53, 31, NULL, 1, 1, '2025-06-07', '2025-07-02', NULL, '实验演示', '', 1, 1, '2025-06-08 19:00:09', '审批通过', '2025-07-13 04:00:09', '2025-07-13 04:00:09'),
(54, 129, NULL, 1, 2, '2025-07-11', '2025-07-28', '2025-07-27', '教师培训', '', 2, 1, '2025-07-11 23:00:09', '审批通过', '2025-07-13 04:00:09', '2025-07-13 04:00:09'),
(55, 7, NULL, 1, 3, '2025-05-26', '2025-06-13', NULL, '学生实践', '如有问题及时联系', 3, 1, '2025-05-26 10:00:09', '审批通过', '2025-07-13 04:00:09', '2025-07-13 04:00:09'),
(56, 73, NULL, 1, 3, '2025-05-21', '2025-06-11', NULL, '科研项目', '如有问题及时联系', 3, 1, '2025-05-22 01:00:09', '审批通过', '2025-07-13 04:00:09', '2025-07-13 04:00:09'),
(57, 144, NULL, 1, 2, '2025-05-24', '2025-06-22', '2025-06-19', '科研项目', '', 2, 1, '2025-05-26 03:00:09', '审批通过', '2025-07-13 04:00:09', '2025-07-13 04:00:09'),
(58, 121, NULL, 1, 1, '2025-06-19', '2025-07-08', NULL, '实验演示', '', 5, NULL, NULL, NULL, '2025-07-13 04:00:09', '2025-07-13 04:00:09'),
(59, 99, NULL, 1, 1, '2025-06-11', '2025-07-01', '2025-07-01', '科研项目', '请按时归还', 2, 1, '2025-06-12 00:00:09', '审批通过', '2025-07-13 04:00:09', '2025-07-13 04:00:09'),
(60, 16, NULL, 1, 1, '2025-06-13', '2025-07-07', NULL, '实验演示', '', 5, NULL, NULL, NULL, '2025-07-13 04:00:09', '2025-07-13 04:00:09'),
(61, 74, NULL, 1, 1, '2025-05-01', '2025-05-25', NULL, '科研项目', '请按时归还', 5, NULL, NULL, NULL, '2025-07-13 04:00:09', '2025-07-13 04:00:09'),
(62, 112, NULL, 1, 2, '2025-05-19', '2025-06-17', NULL, '实验演示', '如有问题及时联系', 5, NULL, NULL, NULL, '2025-07-13 04:00:09', '2025-07-13 04:00:09'),
(63, 133, NULL, 1, 1, '2025-05-02', '2025-06-01', NULL, '教师培训', '请按时归还', 3, 1, '2025-05-03 21:00:10', '审批通过', '2025-07-13 04:00:10', '2025-07-13 04:00:10'),
(64, 24, NULL, 1, 2, '2025-06-21', '2025-07-03', '2025-06-28', '教学实验', '请按时归还', 2, 1, '2025-06-22 00:00:10', '审批通过', '2025-07-13 04:00:10', '2025-07-13 04:00:10'),
(65, 29, NULL, 1, 2, '2025-05-29', '2025-06-25', NULL, '教学实验', '请按时归还', 5, NULL, NULL, NULL, '2025-07-13 04:00:10', '2025-07-13 04:00:10'),
(66, 28, NULL, 1, 2, '2025-07-11', '2025-08-01', '2025-07-30', '教师培训', '', 2, 1, '2025-07-12 18:00:10', '审批通过', '2025-07-13 04:00:10', '2025-07-13 04:00:10'),
(67, 107, NULL, 1, 1, '2025-06-24', '2025-07-14', NULL, '教学实验', '注意安全使用', 5, NULL, NULL, NULL, '2025-07-13 04:00:10', '2025-07-13 04:00:10'),
(68, 8, NULL, 1, 3, '2025-06-16', '2025-07-16', '2025-07-15', '设备测试', '', 2, 1, '2025-06-17 19:00:10', '审批通过', '2025-07-13 04:00:10', '2025-07-13 04:00:10'),
(69, 90, NULL, 1, 3, '2025-06-25', '2025-07-13', NULL, '教学实验', '如有问题及时联系', 1, 1, '2025-06-25 15:00:10', '审批通过', '2025-07-13 04:00:10', '2025-07-13 04:00:10'),
(70, 83, NULL, 1, 1, '2025-04-21', '2025-05-06', NULL, '设备测试', '', 3, 1, '2025-04-21 20:00:10', '审批通过', '2025-07-13 04:00:10', '2025-07-13 04:00:10'),
(71, 83, NULL, 1, 1, '2025-04-30', '2025-05-22', NULL, '设备测试', '请按时归还', 3, 1, '2025-04-30 19:00:10', '审批通过', '2025-07-13 04:00:10', '2025-07-13 04:00:10'),
(72, 150, NULL, 1, 2, '2025-05-12', '2025-05-28', NULL, '科研项目', '如有问题及时联系', 5, NULL, NULL, NULL, '2025-07-13 04:00:10', '2025-07-13 04:00:10'),
(73, 151, NULL, 1, 3, '2025-06-02', '2025-06-11', NULL, '实验演示', '请按时归还', 5, NULL, NULL, NULL, '2025-07-13 04:00:10', '2025-07-13 04:00:10'),
(74, 20, NULL, 1, 2, '2025-06-20', '2025-06-28', NULL, '学生实践', '如有问题及时联系', 3, 1, '2025-06-20 10:00:10', '审批通过', '2025-07-13 04:00:10', '2025-07-13 04:00:10'),
(75, 130, NULL, 1, 1, '2025-07-08', '2025-07-27', NULL, '实验演示', '如有问题及时联系', 1, 1, '2025-07-08 10:00:10', '审批通过', '2025-07-13 04:00:10', '2025-07-13 04:00:10'),
(76, 100, NULL, 1, 2, '2025-04-23', '2025-05-19', '2025-05-15', '学生实践', '注意安全使用', 2, 1, '2025-04-24 18:00:10', '审批通过', '2025-07-13 04:00:10', '2025-07-13 04:00:10'),
(77, 7, NULL, 1, 2, '2025-05-25', '2025-06-09', '2025-06-05', '教学实验', '注意安全使用', 2, 1, '2025-05-27 02:00:10', '审批通过', '2025-07-13 04:00:10', '2025-07-13 04:00:10'),
(78, 124, NULL, 1, 1, '2025-06-15', '2025-06-22', '2025-06-17', '教学实验', '请按时归还', 2, 1, '2025-06-16 08:00:10', '审批通过', '2025-07-13 04:00:10', '2025-07-13 04:00:10'),
(79, 71, NULL, 1, 1, '2025-05-02', '2025-05-21', NULL, '设备测试', '', 5, NULL, NULL, NULL, '2025-07-13 04:00:10', '2025-07-13 04:00:10'),
(80, 121, NULL, 1, 1, '2025-05-08', '2025-05-21', NULL, '学生实践', '请按时归还', 3, 1, '2025-05-09 22:00:10', '审批通过', '2025-07-13 04:00:10', '2025-07-13 04:00:10'),
(81, 42, NULL, 1, 2, '2025-06-26', '2025-07-25', NULL, '教师培训', '注意安全使用', 1, 1, '2025-06-28 01:00:10', '审批通过', '2025-07-13 04:00:10', '2025-07-13 04:00:10'),
(82, 133, NULL, 1, 1, '2025-04-24', '2025-05-21', NULL, '教学实验', '如有问题及时联系', 1, 1, '2025-04-24 16:00:10', '审批通过', '2025-07-13 04:00:10', '2025-07-13 04:00:10'),
(83, 10, NULL, 1, 2, '2025-06-30', '2025-07-20', NULL, '教学实验', '如有问题及时联系', 3, 1, '2025-06-30 21:00:10', '审批通过', '2025-07-13 04:00:10', '2025-07-13 04:00:10'),
(84, 61, NULL, 1, 1, '2025-05-20', '2025-06-19', NULL, '设备测试', '请按时归还', 5, NULL, NULL, NULL, '2025-07-13 04:00:10', '2025-07-13 04:00:10');

-- --------------------------------------------------------

--
-- 表的结构 `equipment_categories`
--

CREATE TABLE `equipment_categories` (
  `id` bigint(20) UNSIGNED NOT NULL,
  `name` varchar(100) NOT NULL COMMENT '分类名称',
  `code` varchar(50) NOT NULL COMMENT '分类代码',
  `parent_id` bigint(20) UNSIGNED DEFAULT NULL COMMENT '父级分类ID',
  `level` tinyint(4) NOT NULL COMMENT '分类级别',
  `sort_order` int(11) NOT NULL DEFAULT 0 COMMENT '排序',
  `status` tinyint(4) NOT NULL DEFAULT 1 COMMENT '状态：1启用 0禁用',
  `created_at` timestamp NULL DEFAULT NULL,
  `updated_at` timestamp NULL DEFAULT NULL
) ENGINE=InnoDB DEFAULT CHARSET=utf8mb4 COLLATE=utf8mb4_unicode_ci;

--
-- 转存表中的数据 `equipment_categories`
--

INSERT INTO `equipment_categories` (`id`, `name`, `code`, `parent_id`, `level`, `sort_order`, `status`, `created_at`, `updated_at`) VALUES
(1, '光学仪器', 'OPTICAL', NULL, 1, 1, 1, '2025-07-13 03:20:28', '2025-07-13 03:20:28'),
(2, '显微镜', 'MICROSCOPE', 1, 2, 1, 1, '2025-07-13 03:20:28', '2025-07-13 03:20:28'),
(3, '生物显微镜', 'BIO_MICROSCOPE', 2, 3, 1, 1, '2025-07-13 03:20:28', '2025-07-13 03:20:28'),
(4, '体视显微镜', 'STEREO_MICROSCOPE', 2, 3, 2, 1, '2025-07-13 03:20:28', '2025-07-13 03:20:28'),
(5, '电子显微镜', 'ELECTRON_MICROSCOPE', 2, 3, 3, 1, '2025-07-13 03:20:28', '2025-07-13 03:20:28'),
(6, '望远镜', 'TELESCOPE', 1, 2, 2, 1, '2025-07-13 03:20:28', '2025-07-13 03:20:28'),
(7, '天文望远镜', 'ASTRO_TELESCOPE', 6, 3, 1, 1, '2025-07-13 03:20:28', '2025-07-13 03:20:28'),
(8, '地理望远镜', 'GEO_TELESCOPE', 6, 3, 2, 1, '2025-07-13 03:20:28', '2025-07-13 03:20:28'),
(9, '放大镜', 'MAGNIFIER', 1, 2, 3, 1, '2025-07-13 03:20:28', '2025-07-13 03:20:28'),
(10, '手持放大镜', 'HAND_MAGNIFIER', 9, 3, 1, 1, '2025-07-13 03:20:28', '2025-07-13 03:20:28'),
(11, '台式放大镜', 'DESK_MAGNIFIER', 9, 3, 2, 1, '2025-07-13 03:20:28', '2025-07-13 03:20:28'),
(12, '测量仪器', 'MEASUREMENT', NULL, 1, 2, 1, '2025-07-13 03:20:28', '2025-07-13 03:20:28'),
(13, '长度测量', 'LENGTH_MEASURE', 12, 2, 1, 1, '2025-07-13 03:20:28', '2025-07-13 03:20:28'),
(14, '直尺', 'RULER', 13, 3, 1, 1, '2025-07-13 03:20:28', '2025-07-13 03:20:28'),
(15, '卷尺', 'TAPE_MEASURE', 13, 3, 2, 1, '2025-07-13 03:20:29', '2025-07-13 03:20:29'),
(16, '游标卡尺', 'VERNIER_CALIPER', 13, 3, 3, 1, '2025-07-13 03:20:29', '2025-07-13 03:20:29'),
(17, '螺旋测微器', 'MICROMETER', 13, 3, 4, 1, '2025-07-13 03:20:29', '2025-07-13 03:20:29'),
(18, '质量测量', 'MASS_MEASURE', 12, 2, 2, 1, '2025-07-13 03:20:29', '2025-07-13 03:20:29'),
(19, '天平', 'BALANCE', 18, 3, 1, 1, '2025-07-13 03:20:29', '2025-07-13 03:20:29'),
(20, '电子秤', 'ELECTRONIC_SCALE', 18, 3, 2, 1, '2025-07-13 03:20:29', '2025-07-13 03:20:29'),
(21, '弹簧秤', 'SPRING_SCALE', 18, 3, 3, 1, '2025-07-13 03:20:29', '2025-07-13 03:20:29'),
(22, '时间测量', 'TIME_MEASURE', 12, 2, 3, 1, '2025-07-13 03:20:29', '2025-07-13 03:20:29'),
(23, '秒表', 'STOPWATCH', 22, 3, 1, 1, '2025-07-13 03:20:29', '2025-07-13 03:20:29'),
(24, '计时器', 'TIMER', 22, 3, 2, 1, '2025-07-13 03:20:29', '2025-07-13 03:20:29'),
(25, '电学仪器', 'ELECTRICAL', NULL, 1, 3, 1, '2025-07-13 03:20:29', '2025-07-13 03:20:29'),
(26, '电源设备', 'POWER_SUPPLY', 25, 2, 1, 1, '2025-07-13 03:20:29', '2025-07-13 03:20:29'),
(27, '直流电源', 'DC_POWER', 26, 3, 1, 1, '2025-07-13 03:20:29', '2025-07-13 03:20:29'),
(28, '交流电源', 'AC_POWER', 26, 3, 2, 1, '2025-07-13 03:20:29', '2025-07-13 03:20:29'),
(29, '稳压电源', 'REGULATED_POWER', 26, 3, 3, 1, '2025-07-13 03:20:29', '2025-07-13 03:20:29'),
(30, '测量仪表', 'ELECTRICAL_METER', 25, 2, 2, 1, '2025-07-13 03:20:29', '2025-07-13 03:20:29'),
(31, '万用表', 'MULTIMETER', 30, 3, 1, 1, '2025-07-13 03:20:29', '2025-07-13 03:20:29'),
(32, '电压表', 'VOLTMETER', 30, 3, 2, 1, '2025-07-13 03:20:29', '2025-07-13 03:20:29'),
(33, '电流表', 'AMMETER', 30, 3, 3, 1, '2025-07-13 03:20:29', '2025-07-13 03:20:29'),
(34, '示波器', 'OSCILLOSCOPE', 30, 3, 4, 1, '2025-07-13 03:20:29', '2025-07-13 03:20:29'),
(35, '化学仪器', 'CHEMICAL', NULL, 1, 4, 1, '2025-07-13 03:20:29', '2025-07-13 03:20:29'),
(36, '玻璃仪器', 'GLASSWARE', 35, 2, 1, 1, '2025-07-13 03:20:29', '2025-07-13 03:20:29'),
(37, '烧杯', 'BEAKER', 36, 3, 1, 1, '2025-07-13 03:20:29', '2025-07-13 03:20:29'),
(38, '试管', 'TEST_TUBE', 36, 3, 2, 1, '2025-07-13 03:20:29', '2025-07-13 03:20:29'),
(39, '量筒', 'GRADUATED_CYLINDER', 36, 3, 3, 1, '2025-07-13 03:20:29', '2025-07-13 03:20:29'),
(40, '容量瓶', 'VOLUMETRIC_FLASK', 36, 3, 4, 1, '2025-07-13 03:20:29', '2025-07-13 03:20:29'),
(41, '加热设备', 'HEATING_EQUIPMENT', 35, 2, 2, 1, '2025-07-13 03:20:29', '2025-07-13 03:20:29'),
(42, '酒精灯', 'ALCOHOL_LAMP', 41, 3, 1, 1, '2025-07-13 03:20:29', '2025-07-13 03:20:29'),
(43, '电热板', 'HOT_PLATE', 41, 3, 2, 1, '2025-07-13 03:20:29', '2025-07-13 03:20:29'),
(44, '马弗炉', 'MUFFLE_FURNACE', 41, 3, 3, 1, '2025-07-13 03:20:29', '2025-07-13 03:20:29'),
(45, '生物仪器', 'BIOLOGICAL', NULL, 1, 5, 1, '2025-07-13 03:20:30', '2025-07-13 03:20:30'),
(46, '解剖工具', 'DISSECTION_TOOLS', 45, 2, 1, 1, '2025-07-13 03:20:30', '2025-07-13 03:20:30'),
(47, '解剖刀', 'SCALPEL', 46, 3, 1, 1, '2025-07-13 03:20:30', '2025-07-13 03:20:30'),
(48, '解剖剪', 'DISSECTION_SCISSORS', 46, 3, 2, 1, '2025-07-13 03:20:30', '2025-07-13 03:20:30'),
(49, '镊子', 'FORCEPS', 46, 3, 3, 1, '2025-07-13 03:20:30', '2025-07-13 03:20:30'),
(50, '培养设备', 'CULTURE_EQUIPMENT', 45, 2, 2, 1, '2025-07-13 03:20:30', '2025-07-13 03:20:30'),
(51, '培养皿', 'PETRI_DISH', 50, 3, 1, 1, '2025-07-13 03:20:30', '2025-07-13 03:20:30'),
(52, '培养箱', 'INCUBATOR', 50, 3, 2, 1, '2025-07-13 03:20:30', '2025-07-13 03:20:30'),
(53, '接种环', 'INOCULATION_LOOP', 50, 3, 3, 1, '2025-07-13 03:20:30', '2025-07-13 03:20:30');

-- --------------------------------------------------------

--
-- 表的结构 `equipment_maintenances`
--

CREATE TABLE `equipment_maintenances` (
  `id` bigint(20) UNSIGNED NOT NULL,
  `equipment_id` bigint(20) UNSIGNED NOT NULL COMMENT '设备ID',
  `reporter_id` bigint(20) UNSIGNED NOT NULL COMMENT '报修人ID',
  `fault_description` text NOT NULL COMMENT '故障描述',
  `fault_type` varchar(50) DEFAULT NULL COMMENT '故障类型',
  `urgency_level` tinyint(4) NOT NULL DEFAULT 2 COMMENT '紧急程度：1低 2中 3高',
  `photos` longtext CHARACTER SET utf8mb4 COLLATE utf8mb4_bin DEFAULT NULL COMMENT '故障照片' CHECK (json_valid(`photos`)),
  `report_date` date NOT NULL COMMENT '报修日期',
  `maintainer_id` bigint(20) UNSIGNED DEFAULT NULL COMMENT '维修人ID',
  `start_date` date DEFAULT NULL COMMENT '开始维修日期',
  `complete_date` date DEFAULT NULL COMMENT '完成维修日期',
  `cost` decimal(10,2) DEFAULT NULL COMMENT '维修费用',
  `solution` text DEFAULT NULL COMMENT '解决方案',
  `parts_replaced` text DEFAULT NULL COMMENT '更换部件',
  `status` tinyint(4) NOT NULL DEFAULT 1 COMMENT '状态：1待维修 2维修中 3已完成 4无法修复',
  `quality_rating` tinyint(4) DEFAULT NULL COMMENT '维修质量评分(1-5)',
  `remark` text DEFAULT NULL COMMENT '备注',
  `created_at` timestamp NULL DEFAULT NULL,
  `updated_at` timestamp NULL DEFAULT NULL
) ENGINE=InnoDB DEFAULT CHARSET=utf8mb4 COLLATE=utf8mb4_unicode_ci;

--
-- 转存表中的数据 `equipment_maintenances`
--

INSERT INTO `equipment_maintenances` (`id`, `equipment_id`, `reporter_id`, `fault_description`, `fault_type`, `urgency_level`, `photos`, `report_date`, `maintainer_id`, `start_date`, `complete_date`, `cost`, `solution`, `parts_replaced`, `status`, `quality_rating`, `remark`, `created_at`, `updated_at`) VALUES
(1, 12, 1, '设备外壳出现裂纹，影响使用安全', '显示故障', 3, NULL, '2025-07-10', 1, NULL, NULL, NULL, NULL, NULL, 1, NULL, '维修后请进行功能测试', '2025-07-13 03:41:11', '2025-07-13 03:47:37'),
(2, 11, 1, '按键失灵，部分功能无法操作', '外部损坏', 2, NULL, '2025-07-09', 1, NULL, NULL, NULL, NULL, NULL, 1, NULL, '', '2025-07-13 03:41:11', '2025-07-13 03:47:37'),
(3, 17, 1, '按键失灵，部分功能无法操作', '操作系统故障', 2, NULL, '2025-07-11', NULL, NULL, NULL, NULL, NULL, NULL, 1, NULL, '', '2025-07-13 03:41:11', '2025-07-13 03:41:11'),
(4, 9, 1, '按键失灵，部分功能无法操作', '控制系统故障', 2, NULL, '2025-07-12', NULL, NULL, NULL, NULL, NULL, NULL, 1, NULL, '', '2025-07-13 03:41:12', '2025-07-13 03:41:12'),
(5, 10, 1, '按键失灵，部分功能无法操作', '精度问题', 3, NULL, '2025-07-08', NULL, NULL, NULL, NULL, NULL, NULL, 1, NULL, '', '2025-07-13 03:41:12', '2025-07-13 03:41:12'),
(6, 15, 1, '温度控制失效，无法达到设定温度', '传感器故障', 1, NULL, '2025-07-12', NULL, NULL, NULL, NULL, NULL, NULL, 1, NULL, '建议建立设备维护档案', '2025-07-13 03:41:12', '2025-07-13 03:41:12'),
(7, 23, 1, '设备过热，运行一段时间后自动关机', '机械故障', 3, NULL, '2025-07-04', 1, '2025-07-07', '2025-07-13', NULL, '设备主板严重损坏，维修成本过高，建议报废', NULL, 4, NULL, '', '2025-07-13 03:41:12', '2025-07-13 03:47:37'),
(8, 20, 1, '显示屏出现花屏现象，图像不清晰', '操作系统故障', 3, NULL, '2025-07-04', 1, '2025-07-07', NULL, NULL, NULL, NULL, 2, NULL, '', '2025-07-13 03:41:12', '2025-07-13 03:41:12'),
(9, 20, 1, '设备频繁死机，需要重启才能使用', '温度异常', 2, NULL, '2025-07-04', 1, '2025-07-06', NULL, NULL, NULL, NULL, 2, NULL, '故障原因已查明并解决', '2025-07-13 03:41:12', '2025-07-13 03:41:12'),
(10, 2, 1, '设备运行过程中发出异常噪音', '电源故障', 3, NULL, '2025-07-06', 1, '2025-07-08', NULL, NULL, NULL, NULL, 2, NULL, '', '2025-07-13 03:41:12', '2025-07-13 03:41:12'),
(11, 14, 1, '设备过热，运行一段时间后自动关机', '磨损老化', 1, NULL, '2025-06-24', 1, '2025-06-26', '2025-07-02', 35.00, '更新软件版本，修复系统漏洞', '继电器', 3, 5, '', '2025-07-13 03:41:12', '2025-07-13 03:41:12'),
(12, 23, 1, '设备过热，运行一段时间后自动关机', '机械故障', 1, NULL, '2025-06-24', 1, '2025-06-26', '2025-06-29', 237.00, '清洁内部灰尘，更换老化的电子元件', '光学镜头', 3, 3, '', '2025-07-13 03:41:12', '2025-07-13 03:41:12'),
(13, 11, 1, '校准失效，需要重新校准', '磨损老化', 3, NULL, '2025-06-24', 1, '2025-06-25', '2025-06-27', 178.00, '更新软件版本，修复系统漏洞', '', 3, 5, '维修后请进行功能测试', '2025-07-13 03:41:12', '2025-07-13 03:41:12'),
(14, 24, 1, '设备运行过程中发出异常噪音', '显示故障', 1, NULL, '2025-06-23', 1, '2025-06-24', '2025-06-29', 15.00, '重新设置系统参数，恢复出厂设置', '电机', 3, 5, '建议定期检查相关部件', '2025-07-13 03:41:12', '2025-07-13 03:41:12'),
(15, 20, 1, '设备过热，运行一段时间后自动关机', '操作系统故障', 3, NULL, '2025-06-25', 1, '2025-06-26', '2025-06-30', 328.00, '重新校准设备，调整相关参数', '', 3, 3, '设备使用频率较高，建议加强日常维护', '2025-07-13 03:41:12', '2025-07-13 03:41:12'),
(16, 19, 1, '设备无法正常启动，按下电源键无反应', '显示故障', 2, NULL, '2025-06-23', 1, '2025-06-26', '2025-06-27', 416.00, '更换损坏的传感器，重新连接线路', '传感器模块', 3, 4, '建议定期检查相关部件', '2025-07-13 03:41:12', '2025-07-13 03:41:12'),
(17, 13, 1, '设备频繁死机，需要重启才能使用', '电源故障', 2, NULL, '2025-06-24', 1, '2025-06-27', '2025-07-01', 278.00, '更换老化的光学元件', '', 3, 4, '', '2025-07-13 03:41:12', '2025-07-13 03:41:12'),
(18, 4, 1, '按键失灵，部分功能无法操作', '磨损老化', 3, NULL, '2025-06-26', 1, '2025-06-29', '2025-07-06', 208.00, '更换控制电路板', '', 3, 3, '', '2025-07-13 03:41:12', '2025-07-13 03:41:12'),
(19, 16, 1, '精度下降，测量结果不准确', '电源故障', 2, NULL, '2025-06-29', 1, '2025-06-30', '2025-07-05', NULL, '维修成本过高，超过设备价值，不建议修复', NULL, 4, NULL, '维修后请进行功能测试', '2025-07-13 03:41:12', '2025-07-13 03:41:12'),
(20, 6, 1, '设备无法正常启动，按下电源键无反应', '机械故障', 3, NULL, '2025-06-28', 1, '2025-06-29', '2025-07-02', NULL, '设备老化严重，多个部件同时故障', NULL, 4, NULL, '建议建立设备维护档案', '2025-07-13 03:41:12', '2025-07-13 03:41:12'),
(21, 1, 1, '测试故障：设备无法正常启动', '电源故障', 2, NULL, '2025-07-13', 1, '2025-07-13', '2025-07-13', 150.00, '更换了损坏的电源模块，重新测试设备功能正常', '电源适配器', 3, 5, '这是一个测试维修报告', '2025-07-13 03:47:37', '2025-07-13 03:47:37'),
(22, 27, 1, '显示屏出现异常', '显示故障', 3, NULL, '2025-04-22', 1, '2025-04-25', NULL, NULL, NULL, NULL, 2, NULL, '定期保养', '2025-07-13 04:00:10', '2025-07-13 04:00:10'),
(23, 78, 1, '运行时有异响', '电子故障', 3, NULL, '2025-06-27', 1, '2025-07-02', NULL, NULL, NULL, NULL, 2, NULL, '', '2025-07-13 04:00:10', '2025-07-13 04:00:10'),
(24, 23, 1, '连接线路故障', '软件故障', 2, NULL, '2025-04-28', 1, '2025-05-03', '2025-05-04', NULL, '关键部件损坏，无替换件', NULL, 4, NULL, '', '2025-07-13 04:00:11', '2025-07-13 04:00:11'),
(25, 54, 1, '显示屏出现异常', '传感器故障', 2, NULL, '2025-03-01', 1, '2025-03-05', NULL, NULL, NULL, NULL, 2, NULL, '定期保养', '2025-07-13 04:00:11', '2025-07-13 04:00:11'),
(26, 44, 1, '连接线路故障', '显示故障', 2, NULL, '2025-05-09', 1, '2025-05-10', NULL, NULL, NULL, NULL, 2, NULL, '定期保养', '2025-07-13 04:00:11', '2025-07-13 04:00:11'),
(27, 103, 1, '精度下降明显', '传感器故障', 3, NULL, '2025-05-16', NULL, NULL, NULL, NULL, NULL, NULL, 1, NULL, '紧急维修', '2025-07-13 04:00:11', '2025-07-13 04:00:11'),
(28, 84, 1, '设备无法正常启动', '软件故障', 3, NULL, '2025-06-16', 1, '2025-06-19', '2025-06-28', NULL, '设备老化严重，无法修复', NULL, 4, NULL, '预防性维护', '2025-07-13 04:00:11', '2025-07-13 04:00:11'),
(29, 76, 1, '运行时有异响', '显示故障', 2, NULL, '2025-03-09', 1, '2025-03-14', '2025-03-16', NULL, '维修成本过高，建议报废', NULL, 4, NULL, '定期保养', '2025-07-13 04:00:11', '2025-07-13 04:00:11'),
(30, 126, 1, '按键失灵', '传感器故障', 2, NULL, '2025-03-18', 1, '2025-03-21', '2025-03-31', 65.00, '修复软件系统，更新驱动', '传感器', 3, 4, '预防性维护', '2025-07-13 04:00:11', '2025-07-13 04:00:11'),
(31, 87, 1, '显示屏出现异常', '软件故障', 2, NULL, '2025-05-18', 1, '2025-05-19', NULL, NULL, NULL, NULL, 2, NULL, '预防性维护', '2025-07-13 04:00:11', '2025-07-13 04:00:11'),
(32, 101, 1, '连接线路故障', '软件故障', 1, NULL, '2025-05-08', 1, '2025-05-13', '2025-05-17', 362.00, '修复软件系统，更新驱动', '显示屏', 3, 4, '紧急维修', '2025-07-13 04:00:11', '2025-07-13 04:00:11'),
(33, 19, 1, '显示屏出现异常', '电源故障', 2, NULL, '2025-02-10', 1, '2025-02-11', '2025-02-13', 745.00, '调整参数，恢复正常功能', '显示屏', 3, 5, '预防性维护', '2025-07-13 04:00:11', '2025-07-13 04:00:11'),
(34, 84, 1, '精度下降明显', '电子故障', 2, NULL, '2025-05-13', 1, '2025-05-16', '2025-05-21', 697.00, '更换损坏部件，重新校准', '', 3, 5, '定期保养', '2025-07-13 04:00:11', '2025-07-13 04:00:11'),
(35, 146, 1, '设备无法正常启动', '电源故障', 1, NULL, '2025-06-11', 1, '2025-06-13', '2025-06-17', 282.00, '更换损坏部件，重新校准', '', 3, 4, '故障维修', '2025-07-13 04:00:11', '2025-07-13 04:00:11'),
(36, 129, 1, '显示屏出现异常', '电子故障', 2, NULL, '2025-07-05', 1, '2025-07-07', '2025-07-12', NULL, '技术过于陈旧，无维修价值', NULL, 4, NULL, '故障维修', '2025-07-13 04:00:11', '2025-07-13 04:00:11'),
(37, 152, 1, '精度下降明显', '电源故障', 2, NULL, '2025-04-30', 1, '2025-05-04', NULL, NULL, NULL, NULL, 2, NULL, '', '2025-07-13 04:00:11', '2025-07-13 04:00:11'),
(38, 26, 1, '按键失灵', '机械故障', 2, NULL, '2025-04-07', 1, '2025-04-10', '2025-04-13', 749.00, '更换传感器，重新测试', '电源模块', 3, 4, '故障维修', '2025-07-13 04:00:11', '2025-07-13 04:00:11'),
(39, 136, 1, '精度下降明显', '机械故障', 2, NULL, '2025-05-15', 1, '2025-05-19', '2025-05-29', NULL, '设备老化严重，无法修复', NULL, 4, NULL, '预防性维护', '2025-07-13 04:00:11', '2025-07-13 04:00:11'),
(40, 117, 1, '显示屏出现异常', '显示故障', 3, NULL, '2025-07-07', 1, '2025-07-08', NULL, NULL, NULL, NULL, 2, NULL, '故障维修', '2025-07-13 04:00:11', '2025-07-13 04:00:11'),
(41, 83, 1, '按键失灵', '软件故障', 2, NULL, '2025-07-04', 1, '2025-07-06', '2025-07-16', 201.00, '修复软件系统，更新驱动', '', 3, 5, '紧急维修', '2025-07-13 04:00:11', '2025-07-13 04:00:11'),
(42, 145, 1, '设备无法正常启动', '电子故障', 3, NULL, '2025-05-24', 1, '2025-05-29', '2025-06-08', 266.00, '调整参数，恢复正常功能', '显示屏', 3, 4, '', '2025-07-13 04:00:11', '2025-07-13 04:00:11'),
(43, 56, 1, '设备无法正常启动', '传感器故障', 3, NULL, '2025-01-19', 1, '2025-01-23', '2025-01-30', NULL, '设备老化严重，无法修复', NULL, 4, NULL, '故障维修', '2025-07-13 04:00:11', '2025-07-13 04:00:11'),
(44, 108, 1, '按键失灵', '电源故障', 1, NULL, '2025-06-27', NULL, NULL, NULL, NULL, NULL, NULL, 1, NULL, '紧急维修', '2025-07-13 04:00:11', '2025-07-13 04:00:11'),
(45, 68, 1, '精度下降明显', '软件故障', 2, NULL, '2025-02-18', 1, '2025-02-21', '2025-03-02', 836.00, '调整参数，恢复正常功能', '传感器', 3, 4, '', '2025-07-13 04:00:11', '2025-07-13 04:00:11'),
(46, 124, 1, '按键失灵', '机械故障', 1, NULL, '2025-03-14', 1, '2025-03-18', '2025-03-28', 576.00, '更换传感器，重新测试', '控制板', 3, 5, '', '2025-07-13 04:00:11', '2025-07-13 04:00:11'),
(47, 152, 1, '显示屏出现异常', '机械故障', 1, NULL, '2025-03-24', 1, '2025-03-29', '2025-04-03', 948.00, '更换传感器，重新测试', '传感器', 3, 5, '定期保养', '2025-07-13 04:00:11', '2025-07-13 04:00:11'),
(48, 117, 1, '显示屏出现异常', '显示故障', 3, NULL, '2025-03-27', 1, '2025-03-29', NULL, NULL, NULL, NULL, 2, NULL, '预防性维护', '2025-07-13 04:00:11', '2025-07-13 04:00:11'),
(49, 151, 1, '按键失灵', '软件故障', 1, NULL, '2025-03-22', NULL, NULL, NULL, NULL, NULL, NULL, 1, NULL, '预防性维护', '2025-07-13 04:00:12', '2025-07-13 04:00:12'),
(50, 59, 1, '设备无法正常启动', '电源故障', 2, NULL, '2025-07-03', 1, '2025-07-04', '2025-07-11', 923.00, '调整参数，恢复正常功能', '控制板', 3, 4, '紧急维修', '2025-07-13 04:00:12', '2025-07-13 04:00:12'),
(51, 93, 1, '显示屏出现异常', '电子故障', 3, NULL, '2025-03-04', 1, '2025-03-05', '2025-03-12', NULL, '设备老化严重，无法修复', NULL, 4, NULL, '紧急维修', '2025-07-13 04:00:12', '2025-07-13 04:00:12');

-- --------------------------------------------------------

--
-- 表的结构 `equipment_operation_logs`
--

CREATE TABLE `equipment_operation_logs` (
  `id` bigint(20) UNSIGNED NOT NULL,
  `equipment_id` bigint(20) UNSIGNED NOT NULL,
  `user_id` bigint(20) UNSIGNED NOT NULL,
  `operation_type` varchar(50) NOT NULL COMMENT '操作类型：create,update,delete,borrow,return,maintenance,etc',
  `operation_module` varchar(50) NOT NULL COMMENT '操作模块：equipment,borrow,maintenance,qrcode',
  `operation_description` varchar(255) NOT NULL COMMENT '操作描述',
  `old_data` longtext CHARACTER SET utf8mb4 COLLATE utf8mb4_bin DEFAULT NULL COMMENT '操作前数据' CHECK (json_valid(`old_data`)),
  `new_data` longtext CHARACTER SET utf8mb4 COLLATE utf8mb4_bin DEFAULT NULL COMMENT '操作后数据' CHECK (json_valid(`new_data`)),
  `ip_address` varchar(45) DEFAULT NULL COMMENT '操作IP地址',
  `user_agent` varchar(500) DEFAULT NULL COMMENT '用户代理',
  `extra_data` longtext CHARACTER SET utf8mb4 COLLATE utf8mb4_bin DEFAULT NULL COMMENT '额外数据' CHECK (json_valid(`extra_data`)),
  `created_at` timestamp NULL DEFAULT NULL,
  `updated_at` timestamp NULL DEFAULT NULL
) ENGINE=InnoDB DEFAULT CHARSET=utf8mb4 COLLATE=utf8mb4_unicode_ci;

-- --------------------------------------------------------

--
-- 表的结构 `equipment_qrcodes`
--

CREATE TABLE `equipment_qrcodes` (
  `id` bigint(20) UNSIGNED NOT NULL,
  `equipment_id` bigint(20) UNSIGNED NOT NULL,
  `qr_code_url` varchar(255) NOT NULL COMMENT '二维码图片URL',
  `qr_code_content` varchar(1000) NOT NULL COMMENT '二维码内容',
  `qr_type` varchar(50) NOT NULL DEFAULT 'basic' COMMENT '二维码类型：basic,detailed,url',
  `qr_options` longtext CHARACTER SET utf8mb4 COLLATE utf8mb4_bin DEFAULT NULL COMMENT '二维码生成选项' CHECK (json_valid(`qr_options`)),
  `size` int(11) NOT NULL DEFAULT 200 COMMENT '二维码尺寸',
  `format` varchar(10) NOT NULL DEFAULT 'png' COMMENT '图片格式',
  `download_count` int(11) NOT NULL DEFAULT 0 COMMENT '下载次数',
  `scan_count` int(11) NOT NULL DEFAULT 0 COMMENT '扫描次数',
  `last_scanned_at` timestamp NULL DEFAULT NULL COMMENT '最后扫描时间',
  `is_active` tinyint(1) NOT NULL DEFAULT 1 COMMENT '是否有效',
  `created_at` timestamp NULL DEFAULT NULL,
  `updated_at` timestamp NULL DEFAULT NULL
) ENGINE=InnoDB DEFAULT CHARSET=utf8mb4 COLLATE=utf8mb4_unicode_ci;

-- --------------------------------------------------------

--
-- 表的结构 `experiment_catalogs`
--

CREATE TABLE `experiment_catalogs` (
  `id` bigint(20) UNSIGNED NOT NULL,
  `subject_id` bigint(20) UNSIGNED NOT NULL COMMENT '学科ID',
  `name` varchar(200) NOT NULL COMMENT '实验名称',
  `code` varchar(50) NOT NULL COMMENT '实验编号',
  `type` tinyint(4) NOT NULL COMMENT '实验类型：1必做 2选做 3演示 4分组',
  `grade` tinyint(4) NOT NULL COMMENT '年级',
  `semester` tinyint(4) NOT NULL COMMENT '学期：1上学期 2下学期',
  `chapter` varchar(100) DEFAULT NULL COMMENT '章节',
  `duration` int(11) NOT NULL DEFAULT 45 COMMENT '实验时长(分钟)',
  `student_count` int(11) NOT NULL DEFAULT 1 COMMENT '建议学生数',
  `objective` text DEFAULT NULL COMMENT '实验目的',
  `materials` text DEFAULT NULL COMMENT '实验器材',
  `procedure` text DEFAULT NULL COMMENT '实验步骤',
  `safety_notes` text DEFAULT NULL COMMENT '安全注意事项',
  `difficulty_level` int(11) NOT NULL DEFAULT 1 COMMENT '难度等级：1-5',
  `is_standard` tinyint(4) NOT NULL DEFAULT 1 COMMENT '是否标准实验：1是 0否',
  `status` tinyint(4) NOT NULL DEFAULT 1 COMMENT '状态：1启用 0禁用',
  `created_at` timestamp NULL DEFAULT NULL,
  `updated_at` timestamp NULL DEFAULT NULL
) ENGINE=InnoDB DEFAULT CHARSET=utf8mb4 COLLATE=utf8mb4_unicode_ci;

--
-- 转存表中的数据 `experiment_catalogs`
--

INSERT INTO `experiment_catalogs` (`id`, `subject_id`, `name`, `code`, `type`, `grade`, `semester`, `chapter`, `duration`, `student_count`, `objective`, `materials`, `procedure`, `safety_notes`, `difficulty_level`, `is_standard`, `status`, `created_at`, `updated_at`) VALUES
(1, 2, '测量物体的长度', 'MP_001', 4, 8, 1, '第一章 机械运动', 45, 2, '学会使用刻度尺测量物体长度，掌握测量的基本方法', '刻度尺、铅笔、硬币、细线等', '1.观察刻度尺的结构\\n2.学习正确的测量方法\\n3.测量不同物体的长度\\n4.记录测量结果', '使用刻度尺时要轻拿轻放，避免弯折', 1, 1, 1, '2025-07-13 03:20:27', '2025-07-13 03:20:27'),
(2, 2, '测量重力加速度', 'MP_002', 4, 9, 1, '第十三章 力和机械', 90, 4, '通过实验测量重力加速度的大小', '单摆装置、秒表、刻度尺、小球等', '1.组装单摆装置\\n2.测量摆长\\n3.测量周期\\n4.计算重力加速度', '注意摆球的安全，避免碰撞', 3, 1, 1, '2025-07-13 03:20:27', '2025-07-13 03:20:27'),
(3, 3, '氧气的制取和性质', 'MC_001', 3, 9, 1, '第二单元 我们周围的空气', 45, 1, '学习氧气的制取方法，观察氧气的性质', '高锰酸钾、试管、酒精灯、导管、集气瓶等', '1.装置连接\\n2.加热制取氧气\\n3.收集氧气\\n4.验证氧气性质', '注意用火安全，避免烫伤；注意通风', 2, 1, 1, '2025-07-13 03:20:27', '2025-07-13 03:20:27'),
(4, 4, '观察植物细胞', 'MB_001', 4, 7, 1, '第二单元 生物体的结构层次', 45, 2, '学会制作临时装片，观察植物细胞的基本结构', '显微镜、载玻片、盖玻片、洋葱、碘液等', '1.制作洋葱表皮临时装片\\n2.显微镜观察\\n3.绘制细胞结构图\\n4.总结细胞特点', '小心使用显微镜，避免损坏镜头', 2, 1, 1, '2025-07-13 03:20:28', '2025-07-13 03:20:28'),
(5, 5, '验证牛顿第二定律', 'HP_001', 4, 10, 2, '第四章 牛顿运动定律', 90, 4, '通过实验验证牛顿第二定律F=ma', '气垫导轨、滑块、砝码、光电门、计时器等', '1.调节气垫导轨水平\\n2.测量不同力下的加速度\\n3.测量不同质量下的加速度\\n4.分析数据验证定律', '注意气垫导轨的使用，避免损坏设备', 4, 1, 1, '2025-07-13 03:20:28', '2025-07-13 03:20:28');

-- --------------------------------------------------------

--
-- 表的结构 `experiment_records`
--

CREATE TABLE `experiment_records` (
  `id` bigint(20) UNSIGNED NOT NULL,
  `reservation_id` bigint(20) UNSIGNED NOT NULL COMMENT '预约ID',
  `school_id` bigint(20) UNSIGNED NOT NULL COMMENT '学校ID',
  `catalog_id` bigint(20) UNSIGNED NOT NULL COMMENT '实验目录ID',
  `laboratory_id` bigint(20) UNSIGNED NOT NULL COMMENT '实验室ID',
  `teacher_id` bigint(20) UNSIGNED NOT NULL COMMENT '授课教师ID',
  `class_name` varchar(100) NOT NULL COMMENT '班级名称',
  `student_count` int(11) NOT NULL COMMENT '实际学生人数',
  `start_time` datetime DEFAULT NULL COMMENT '实际开始时间',
  `end_time` datetime DEFAULT NULL COMMENT '实际结束时间',
  `completion_rate` decimal(5,2) NOT NULL DEFAULT 100.00 COMMENT '完成率(%)',
  `quality_score` tinyint(4) DEFAULT NULL COMMENT '质量评分(1-5)',
  `photos` longtext CHARACTER SET utf8mb4 COLLATE utf8mb4_bin DEFAULT NULL COMMENT '实验照片' CHECK (json_valid(`photos`)),
  `videos` longtext CHARACTER SET utf8mb4 COLLATE utf8mb4_bin DEFAULT NULL COMMENT '实验视频' CHECK (json_valid(`videos`)),
  `summary` text DEFAULT NULL COMMENT '实验总结',
  `problems` text DEFAULT NULL COMMENT '存在问题',
  `suggestions` text DEFAULT NULL COMMENT '改进建议',
  `status` tinyint(4) NOT NULL DEFAULT 1 COMMENT '状态：1进行中 2已完成 3异常结束',
  `created_at` timestamp NULL DEFAULT NULL,
  `updated_at` timestamp NULL DEFAULT NULL
) ENGINE=InnoDB DEFAULT CHARSET=utf8mb4 COLLATE=utf8mb4_unicode_ci;

-- --------------------------------------------------------

--
-- 表的结构 `experiment_reservations`
--

CREATE TABLE `experiment_reservations` (
  `id` bigint(20) UNSIGNED NOT NULL,
  `school_id` bigint(20) UNSIGNED NOT NULL COMMENT '学校ID',
  `catalog_id` bigint(20) UNSIGNED NOT NULL COMMENT '实验目录ID',
  `laboratory_id` bigint(20) UNSIGNED NOT NULL COMMENT '实验室ID',
  `teacher_id` bigint(20) UNSIGNED NOT NULL COMMENT '授课教师ID',
  `class_name` varchar(100) NOT NULL COMMENT '班级名称',
  `student_count` int(11) NOT NULL COMMENT '学生人数',
  `reservation_date` date NOT NULL COMMENT '预约日期',
  `start_time` time NOT NULL COMMENT '开始时间',
  `end_time` time NOT NULL COMMENT '结束时间',
  `status` tinyint(4) NOT NULL DEFAULT 1 COMMENT '状态：1待审核 2已通过 3已拒绝 4已完成 5已取消',
  `remark` text DEFAULT NULL COMMENT '备注',
  `reviewer_id` bigint(20) UNSIGNED DEFAULT NULL COMMENT '审核人ID',
  `reviewed_at` timestamp NULL DEFAULT NULL COMMENT '审核时间',
  `review_remark` text DEFAULT NULL COMMENT '审核备注',
  `created_at` timestamp NULL DEFAULT NULL,
  `updated_at` timestamp NULL DEFAULT NULL
) ENGINE=InnoDB DEFAULT CHARSET=utf8mb4 COLLATE=utf8mb4_unicode_ci;

-- --------------------------------------------------------

--
-- 表的结构 `failed_jobs`
--

CREATE TABLE `failed_jobs` (
  `id` bigint(20) UNSIGNED NOT NULL,
  `uuid` varchar(255) NOT NULL,
  `connection` text NOT NULL,
  `queue` text NOT NULL,
  `payload` longtext NOT NULL,
  `exception` longtext NOT NULL,
  `failed_at` timestamp NOT NULL DEFAULT current_timestamp()
) ENGINE=InnoDB DEFAULT CHARSET=utf8mb4 COLLATE=utf8mb4_unicode_ci;

-- --------------------------------------------------------

--
-- 表的结构 `jobs`
--

CREATE TABLE `jobs` (
  `id` bigint(20) UNSIGNED NOT NULL,
  `queue` varchar(255) NOT NULL,
  `payload` longtext NOT NULL,
  `attempts` tinyint(3) UNSIGNED NOT NULL,
  `reserved_at` int(10) UNSIGNED DEFAULT NULL,
  `available_at` int(10) UNSIGNED NOT NULL,
  `created_at` int(10) UNSIGNED NOT NULL
) ENGINE=InnoDB DEFAULT CHARSET=utf8mb4 COLLATE=utf8mb4_unicode_ci;

-- --------------------------------------------------------

--
-- 表的结构 `job_batches`
--

CREATE TABLE `job_batches` (
  `id` varchar(255) NOT NULL,
  `name` varchar(255) NOT NULL,
  `total_jobs` int(11) NOT NULL,
  `pending_jobs` int(11) NOT NULL,
  `failed_jobs` int(11) NOT NULL,
  `failed_job_ids` longtext NOT NULL,
  `options` mediumtext DEFAULT NULL,
  `cancelled_at` int(11) DEFAULT NULL,
  `created_at` int(11) NOT NULL,
  `finished_at` int(11) DEFAULT NULL
) ENGINE=InnoDB DEFAULT CHARSET=utf8mb4 COLLATE=utf8mb4_unicode_ci;

-- --------------------------------------------------------

--
-- 表的结构 `laboratories`
--

CREATE TABLE `laboratories` (
  `id` bigint(20) UNSIGNED NOT NULL,
  `school_id` bigint(20) UNSIGNED NOT NULL COMMENT '学校ID',
  `name` varchar(100) NOT NULL COMMENT '实验室名称',
  `code` varchar(50) NOT NULL COMMENT '实验室编号',
  `type` tinyint(4) NOT NULL COMMENT '实验室类型：1物理 2化学 3生物 4综合',
  `location` varchar(200) DEFAULT NULL COMMENT '位置',
  `area` decimal(8,2) DEFAULT NULL COMMENT '面积(平方米)',
  `capacity` int(11) NOT NULL DEFAULT 50 COMMENT '容纳人数',
  `manager_id` bigint(20) UNSIGNED DEFAULT NULL COMMENT '管理员ID',
  `equipment_list` text DEFAULT NULL COMMENT '设备清单',
  `safety_rules` text DEFAULT NULL COMMENT '安全规则',
  `status` tinyint(4) NOT NULL DEFAULT 1 COMMENT '状态：1正常 2维修 0停用',
  `created_at` timestamp NULL DEFAULT NULL,
  `updated_at` timestamp NULL DEFAULT NULL
) ENGINE=InnoDB DEFAULT CHARSET=utf8mb4 COLLATE=utf8mb4_unicode_ci;

-- --------------------------------------------------------

--
-- 表的结构 `migrations`
--

CREATE TABLE `migrations` (
  `id` int(10) UNSIGNED NOT NULL,
  `migration` varchar(255) NOT NULL,
  `batch` int(11) NOT NULL
) ENGINE=InnoDB DEFAULT CHARSET=utf8mb4 COLLATE=utf8mb4_unicode_ci;

--
-- 转存表中的数据 `migrations`
--

INSERT INTO `migrations` (`id`, `migration`, `batch`) VALUES
(1, '0001_01_01_000000_create_users_table', 1),
(2, '0001_01_01_000001_create_cache_table', 1),
(3, '0001_01_01_000002_create_jobs_table', 1),
(4, '2025_07_13_095051_create_administrative_regions_table', 1),
(5, '2025_07_13_095149_create_schools_table', 1),
(6, '2025_07_13_095215_create_roles_table', 1),
(7, '2025_07_13_095239_create_user_roles_table', 1),
(8, '2025_07_13_100001_create_subjects_table', 1),
(9, '2025_07_13_100002_create_experiment_catalogs_table', 1),
(10, '2025_07_13_100003_create_laboratories_table', 1),
(11, '2025_07_13_100004_create_experiment_reservations_table', 1),
(12, '2025_07_13_100005_create_experiment_records_table', 1),
(13, '2025_07_13_100006_create_equipment_categories_table', 1),
(14, '2025_07_13_100007_create_equipments_table', 1),
(15, '2025_07_13_100008_create_equipment_borrows_table', 1),
(16, '2025_07_13_100009_create_equipment_maintenances_table', 1),
(17, '2025_07_13_100010_create_statistics_summary_table', 1),
(18, '2025_07_13_100011_create_system_configs_table', 1),
(19, '2025_07_13_100012_create_operation_logs_table', 1),
(20, '2025_07_13_100010_create_equipment_qrcodes_table', 2),
(21, '2025_07_13_100011_create_equipment_operation_logs_table', 2),
(22, '2025_07_13_100012_create_equipment_attachments_table', 2),
(23, '2025_07_14_000001_add_user_management_fields_to_users_table', 3),
(24, '2025_07_14_034529_create_role_permissions_table', 4);

-- --------------------------------------------------------

--
-- 表的结构 `operation_logs`
--

CREATE TABLE `operation_logs` (
  `id` bigint(20) UNSIGNED NOT NULL,
  `user_id` bigint(20) UNSIGNED DEFAULT NULL COMMENT '操作用户ID',
  `module` varchar(50) NOT NULL COMMENT '操作模块',
  `action` varchar(50) NOT NULL COMMENT '操作动作',
  `description` text DEFAULT NULL COMMENT '操作描述',
  `request_data` longtext CHARACTER SET utf8mb4 COLLATE utf8mb4_bin DEFAULT NULL COMMENT '请求数据' CHECK (json_valid(`request_data`)),
  `response_data` longtext CHARACTER SET utf8mb4 COLLATE utf8mb4_bin DEFAULT NULL COMMENT '响应数据' CHECK (json_valid(`response_data`)),
  `ip_address` varchar(45) DEFAULT NULL COMMENT 'IP地址',
  `user_agent` text DEFAULT NULL COMMENT '用户代理',
  `execution_time` int(11) DEFAULT NULL COMMENT '执行时间(毫秒)',
  `created_at` timestamp NOT NULL DEFAULT current_timestamp() COMMENT '创建时间'
) ENGINE=InnoDB DEFAULT CHARSET=utf8mb4 COLLATE=utf8mb4_unicode_ci;

-- --------------------------------------------------------

--
-- 表的结构 `password_reset_tokens`
--

CREATE TABLE `password_reset_tokens` (
  `email` varchar(255) NOT NULL,
  `token` varchar(255) NOT NULL,
  `created_at` timestamp NULL DEFAULT NULL
) ENGINE=InnoDB DEFAULT CHARSET=utf8mb4 COLLATE=utf8mb4_unicode_ci;

-- --------------------------------------------------------

--
-- 表的结构 `roles`
--

CREATE TABLE `roles` (
  `id` bigint(20) UNSIGNED NOT NULL,
  `name` varchar(50) NOT NULL COMMENT '角色名称',
  `code` varchar(50) NOT NULL COMMENT '角色代码',
  `level` tinyint(4) NOT NULL COMMENT '角色级别：1省级 2市级 3区县级 4学区级 5学校级',
  `description` text DEFAULT NULL COMMENT '角色描述',
  `status` tinyint(4) NOT NULL DEFAULT 1 COMMENT '状态：1启用 0禁用',
  `created_at` timestamp NULL DEFAULT NULL,
  `updated_at` timestamp NULL DEFAULT NULL
) ENGINE=InnoDB DEFAULT CHARSET=utf8mb4 COLLATE=utf8mb4_unicode_ci;

--
-- 转存表中的数据 `roles`
--

INSERT INTO `roles` (`id`, `name`, `code`, `level`, `description`, `status`, `created_at`, `updated_at`) VALUES
(1, '省级管理员', 'province_admin', 1, '省级系统管理员，拥有全省数据管理权限', 1, '2025-07-13 03:20:25', '2025-07-13 03:20:25'),
(2, '省级教研员', 'province_researcher', 1, '省级教研员，负责全省实验教学研究和指导', 1, '2025-07-13 03:20:25', '2025-07-13 03:20:25'),
(3, '市级管理员', 'city_admin', 2, '市级系统管理员，管理本市实验教学数据', 1, '2025-07-13 03:20:25', '2025-07-13 03:20:25'),
(4, '市级教研员', 'city_researcher', 2, '市级教研员，负责本市实验教学研究和指导', 1, '2025-07-13 03:20:25', '2025-07-13 03:20:25'),
(5, '区县管理员', 'county_admin', 3, '区县级系统管理员，管理本区县实验教学数据', 1, '2025-07-13 03:20:25', '2025-07-13 03:20:25'),
(6, '区县教研员', 'county_researcher', 3, '区县级教研员，负责本区县实验教学研究和指导', 1, '2025-07-13 03:20:25', '2025-07-13 03:20:25'),
(7, '学区管理员', 'district_admin', 4, '学区管理员，管理学区内学校实验教学数据', 1, '2025-07-13 03:20:25', '2025-07-13 03:20:25'),
(8, '校长', 'school_principal', 5, '学校校长，拥有本校所有数据查看权限', 1, '2025-07-13 03:20:25', '2025-07-13 03:20:25'),
(9, '教务主任', 'school_dean', 5, '教务主任，负责学校实验教学管理', 1, '2025-07-13 03:20:26', '2025-07-13 03:20:26'),
(10, '实验员', 'school_experimenter', 5, '实验员，负责实验室管理和实验教学记录', 1, '2025-07-13 03:20:26', '2025-07-13 03:20:26'),
(11, '任课教师', 'school_teacher', 5, '任课教师，可查看和录入实验教学数据', 1, '2025-07-13 03:20:26', '2025-07-13 03:20:26'),
(14, '学生', 'school_student', 5, '学校的学生管理员，管理学生', 1, '2025-07-13 20:00:51', '2025-07-13 20:00:51');

-- --------------------------------------------------------

--
-- 表的结构 `role_permissions`
--

CREATE TABLE `role_permissions` (
  `id` bigint(20) UNSIGNED NOT NULL,
  `role_id` bigint(20) UNSIGNED NOT NULL,
  `permission_code` varchar(100) NOT NULL COMMENT '权限代码',
  `created_at` timestamp NULL DEFAULT NULL,
  `updated_at` timestamp NULL DEFAULT NULL
) ENGINE=InnoDB DEFAULT CHARSET=utf8mb4 COLLATE=utf8mb4_unicode_ci;

--
-- 转存表中的数据 `role_permissions`
--

INSERT INTO `role_permissions` (`id`, `role_id`, `permission_code`, `created_at`, `updated_at`) VALUES
(1, 1, 'user', '2025-07-13 19:49:19', '2025-07-13 19:49:19'),
(2, 1, 'user.list', '2025-07-13 19:49:19', '2025-07-13 19:49:19'),
(3, 1, 'user.create', '2025-07-13 19:49:19', '2025-07-13 19:49:19'),
(4, 1, 'user.update', '2025-07-13 19:49:19', '2025-07-13 19:49:19'),
(5, 1, 'user.delete', '2025-07-13 19:49:19', '2025-07-13 19:49:19'),
(6, 1, 'role', '2025-07-13 19:49:19', '2025-07-13 19:49:19'),
(7, 1, 'role.list', '2025-07-13 19:49:19', '2025-07-13 19:49:19'),
(8, 1, 'role.create', '2025-07-13 19:49:19', '2025-07-13 19:49:19'),
(9, 1, 'role.update', '2025-07-13 19:49:19', '2025-07-13 19:49:19'),
(10, 1, 'role.delete', '2025-07-13 19:49:19', '2025-07-13 19:49:19'),
(11, 1, 'experiment', '2025-07-13 19:49:19', '2025-07-13 19:49:19'),
(12, 1, 'experiment.catalog', '2025-07-13 19:49:19', '2025-07-13 19:49:19'),
(13, 1, 'experiment.booking', '2025-07-13 19:49:19', '2025-07-13 19:49:19'),
(14, 1, 'experiment.record', '2025-07-13 19:49:19', '2025-07-13 19:49:19'),
(15, 1, 'equipment', '2025-07-13 19:49:20', '2025-07-13 19:49:20'),
(16, 1, 'equipment.list', '2025-07-13 19:49:20', '2025-07-13 19:49:20'),
(17, 1, 'equipment.create', '2025-07-13 19:49:20', '2025-07-13 19:49:20'),
(18, 1, 'equipment.update', '2025-07-13 19:49:20', '2025-07-13 19:49:20'),
(19, 1, 'equipment.delete', '2025-07-13 19:49:20', '2025-07-13 19:49:20'),
(20, 1, 'equipment.borrow', '2025-07-13 19:49:20', '2025-07-13 19:49:20'),
(21, 1, 'equipment.maintenance', '2025-07-13 19:49:20', '2025-07-13 19:49:20'),
(22, 2, 'experiment', '2025-07-13 19:49:20', '2025-07-13 19:49:20'),
(23, 2, 'experiment.catalog', '2025-07-13 19:49:20', '2025-07-13 19:49:20'),
(24, 2, 'experiment.booking', '2025-07-13 19:49:20', '2025-07-13 19:49:20'),
(25, 2, 'experiment.record', '2025-07-13 19:49:20', '2025-07-13 19:49:20'),
(26, 2, 'equipment', '2025-07-13 19:49:20', '2025-07-13 19:49:20'),
(27, 2, 'equipment.list', '2025-07-13 19:49:20', '2025-07-13 19:49:20'),
(28, 3, 'user', '2025-07-13 19:49:20', '2025-07-13 19:49:20'),
(29, 3, 'user.list', '2025-07-13 19:49:20', '2025-07-13 19:49:20'),
(30, 3, 'user.create', '2025-07-13 19:49:20', '2025-07-13 19:49:20'),
(31, 3, 'user.update', '2025-07-13 19:49:20', '2025-07-13 19:49:20'),
(32, 3, 'experiment', '2025-07-13 19:49:20', '2025-07-13 19:49:20'),
(33, 3, 'experiment.catalog', '2025-07-13 19:49:20', '2025-07-13 19:49:20'),
(34, 3, 'experiment.booking', '2025-07-13 19:49:20', '2025-07-13 19:49:20'),
(35, 3, 'experiment.record', '2025-07-13 19:49:20', '2025-07-13 19:49:20'),
(36, 3, 'equipment', '2025-07-13 19:49:20', '2025-07-13 19:49:20'),
(37, 3, 'equipment.list', '2025-07-13 19:49:20', '2025-07-13 19:49:20'),
(38, 3, 'equipment.create', '2025-07-13 19:49:20', '2025-07-13 19:49:20'),
(39, 3, 'equipment.update', '2025-07-13 19:49:20', '2025-07-13 19:49:20'),
(40, 3, 'equipment.borrow', '2025-07-13 19:49:20', '2025-07-13 19:49:20'),
(41, 3, 'equipment.maintenance', '2025-07-13 19:49:20', '2025-07-13 19:49:20'),
(42, 4, 'experiment', '2025-07-13 19:49:20', '2025-07-13 19:49:20'),
(43, 4, 'experiment.catalog', '2025-07-13 19:49:20', '2025-07-13 19:49:20'),
(44, 4, 'experiment.booking', '2025-07-13 19:49:20', '2025-07-13 19:49:20'),
(45, 4, 'experiment.record', '2025-07-13 19:49:20', '2025-07-13 19:49:20'),
(46, 4, 'equipment', '2025-07-13 19:49:20', '2025-07-13 19:49:20'),
(47, 4, 'equipment.list', '2025-07-13 19:49:20', '2025-07-13 19:49:20'),
(48, 5, 'user', '2025-07-13 19:49:20', '2025-07-13 19:49:20'),
(49, 5, 'user.list', '2025-07-13 19:49:20', '2025-07-13 19:49:20'),
(50, 5, 'user.create', '2025-07-13 19:49:21', '2025-07-13 19:49:21'),
(51, 5, 'user.update', '2025-07-13 19:49:21', '2025-07-13 19:49:21'),
(52, 5, 'experiment', '2025-07-13 19:49:21', '2025-07-13 19:49:21'),
(53, 5, 'experiment.catalog', '2025-07-13 19:49:21', '2025-07-13 19:49:21'),
(54, 5, 'experiment.booking', '2025-07-13 19:49:21', '2025-07-13 19:49:21'),
(55, 5, 'experiment.record', '2025-07-13 19:49:21', '2025-07-13 19:49:21'),
(56, 5, 'equipment', '2025-07-13 19:49:21', '2025-07-13 19:49:21'),
(57, 5, 'equipment.list', '2025-07-13 19:49:21', '2025-07-13 19:49:21'),
(58, 5, 'equipment.create', '2025-07-13 19:49:21', '2025-07-13 19:49:21'),
(59, 5, 'equipment.update', '2025-07-13 19:49:21', '2025-07-13 19:49:21'),
(60, 5, 'equipment.borrow', '2025-07-13 19:49:21', '2025-07-13 19:49:21'),
(61, 5, 'equipment.maintenance', '2025-07-13 19:49:21', '2025-07-13 19:49:21'),
(62, 6, 'experiment', '2025-07-13 19:49:21', '2025-07-13 19:49:21'),
(63, 6, 'experiment.catalog', '2025-07-13 19:49:21', '2025-07-13 19:49:21'),
(64, 6, 'experiment.booking', '2025-07-13 19:49:21', '2025-07-13 19:49:21'),
(65, 6, 'experiment.record', '2025-07-13 19:49:21', '2025-07-13 19:49:21'),
(66, 6, 'equipment', '2025-07-13 19:49:21', '2025-07-13 19:49:21'),
(67, 6, 'equipment.list', '2025-07-13 19:49:21', '2025-07-13 19:49:21'),
(68, 7, 'experiment', '2025-07-13 19:49:21', '2025-07-13 19:49:21'),
(69, 7, 'experiment.catalog', '2025-07-13 19:49:21', '2025-07-13 19:49:21'),
(70, 7, 'experiment.booking', '2025-07-13 19:49:21', '2025-07-13 19:49:21'),
(71, 7, 'experiment.record', '2025-07-13 19:49:21', '2025-07-13 19:49:21'),
(72, 7, 'equipment', '2025-07-13 19:49:21', '2025-07-13 19:49:21'),
(73, 7, 'equipment.list', '2025-07-13 19:49:21', '2025-07-13 19:49:21'),
(74, 7, 'equipment.borrow', '2025-07-13 19:49:21', '2025-07-13 19:49:21'),
(75, 7, 'equipment.maintenance', '2025-07-13 19:49:21', '2025-07-13 19:49:21'),
(76, 8, 'experiment', '2025-07-13 19:49:22', '2025-07-13 19:49:22'),
(77, 8, 'experiment.catalog', '2025-07-13 19:49:22', '2025-07-13 19:49:22'),
(78, 8, 'experiment.booking', '2025-07-13 19:49:22', '2025-07-13 19:49:22'),
(79, 8, 'experiment.record', '2025-07-13 19:49:22', '2025-07-13 19:49:22'),
(80, 8, 'equipment', '2025-07-13 19:49:22', '2025-07-13 19:49:22'),
(81, 8, 'equipment.list', '2025-07-13 19:49:22', '2025-07-13 19:49:22'),
(82, 9, 'experiment', '2025-07-13 19:49:22', '2025-07-13 19:49:22'),
(83, 9, 'experiment.catalog', '2025-07-13 19:49:22', '2025-07-13 19:49:22'),
(84, 9, 'experiment.booking', '2025-07-13 19:49:22', '2025-07-13 19:49:22'),
(85, 9, 'experiment.record', '2025-07-13 19:49:22', '2025-07-13 19:49:22'),
(86, 9, 'equipment', '2025-07-13 19:49:22', '2025-07-13 19:49:22'),
(87, 9, 'equipment.list', '2025-07-13 19:49:22', '2025-07-13 19:49:22'),
(88, 9, 'equipment.borrow', '2025-07-13 19:49:22', '2025-07-13 19:49:22'),
(89, 9, 'equipment.maintenance', '2025-07-13 19:49:22', '2025-07-13 19:49:22'),
(90, 10, 'experiment', '2025-07-13 19:49:22', '2025-07-13 19:49:22'),
(91, 10, 'experiment.catalog', '2025-07-13 19:49:22', '2025-07-13 19:49:22'),
(92, 10, 'experiment.booking', '2025-07-13 19:49:22', '2025-07-13 19:49:22'),
(93, 10, 'experiment.record', '2025-07-13 19:49:22', '2025-07-13 19:49:22'),
(94, 10, 'equipment', '2025-07-13 19:49:22', '2025-07-13 19:49:22'),
(95, 10, 'equipment.list', '2025-07-13 19:49:23', '2025-07-13 19:49:23'),
(96, 10, 'equipment.borrow', '2025-07-13 19:49:23', '2025-07-13 19:49:23'),
(97, 10, 'equipment.maintenance', '2025-07-13 19:49:23', '2025-07-13 19:49:23'),
(124, 11, 'experiment.record', '2025-07-13 20:33:55', '2025-07-13 20:33:55'),
(125, 11, 'equipment.list', '2025-07-13 20:33:55', '2025-07-13 20:33:55'),
(126, 11, 'equipment.create', '2025-07-13 20:33:55', '2025-07-13 20:33:55'),
(127, 11, 'equipment.update', '2025-07-13 20:33:55', '2025-07-13 20:33:55'),
(128, 11, 'equipment.borrow', '2025-07-13 20:33:55', '2025-07-13 20:33:55'),
(129, 11, 'experiment', '2025-07-13 20:33:55', '2025-07-13 20:33:55'),
(130, 11, 'equipment', '2025-07-13 20:33:55', '2025-07-13 20:33:55'),
(143, 14, 'experiment.catalog', '2025-07-13 22:47:02', '2025-07-13 22:47:02'),
(144, 14, 'experiment.booking', '2025-07-13 22:47:02', '2025-07-13 22:47:02'),
(145, 14, 'equipment.list', '2025-07-13 22:47:02', '2025-07-13 22:47:02'),
(146, 14, 'equipment.create', '2025-07-13 22:47:02', '2025-07-13 22:47:02'),
(147, 14, 'equipment.update', '2025-07-13 22:47:02', '2025-07-13 22:47:02'),
(148, 14, 'experiment', '2025-07-13 22:47:02', '2025-07-13 22:47:02'),
(149, 14, 'equipment', '2025-07-13 22:47:02', '2025-07-13 22:47:02');

-- --------------------------------------------------------

--
-- 表的结构 `schools`
--

CREATE TABLE `schools` (
  `id` bigint(20) UNSIGNED NOT NULL,
  `code` varchar(50) NOT NULL COMMENT '学校代码',
  `name` varchar(200) NOT NULL COMMENT '学校名称',
  `type` tinyint(4) NOT NULL COMMENT '学校类型：1小学 2初中 3高中 4九年一贯制',
  `level` tinyint(4) NOT NULL COMMENT '管理级别：1省直 2市直 3区县直 4学区',
  `region_id` bigint(20) UNSIGNED NOT NULL COMMENT '所属区域ID',
  `address` text DEFAULT NULL COMMENT '学校地址',
  `contact_person` varchar(50) DEFAULT NULL COMMENT '联系人',
  `contact_phone` varchar(20) DEFAULT NULL COMMENT '联系电话',
  `student_count` int(11) NOT NULL DEFAULT 0 COMMENT '学生总数',
  `class_count` int(11) NOT NULL DEFAULT 0 COMMENT '班级总数',
  `teacher_count` int(11) NOT NULL DEFAULT 0 COMMENT '教师总数',
  `status` tinyint(4) NOT NULL DEFAULT 1 COMMENT '状态：1正常 0停用',
  `created_at` timestamp NULL DEFAULT NULL,
  `updated_at` timestamp NULL DEFAULT NULL
) ENGINE=InnoDB DEFAULT CHARSET=utf8mb4 COLLATE=utf8mb4_unicode_ci;

--
-- 转存表中的数据 `schools`
--

INSERT INTO `schools` (`id`, `code`, `name`, `type`, `level`, `region_id`, `address`, `contact_person`, `contact_phone`, `student_count`, `class_count`, `teacher_count`, `status`, `created_at`, `updated_at`) VALUES
(1, 'ZY001', '郑州市中原区实验小学', 1, 3, 5, '河南省郑州市中原区建设路123号', '张校长', '0371-12345678', 1200, 24, 80, 1, '2025-07-13 03:20:26', '2025-07-13 03:20:26'),
(2, 'ZY002', '郑州市第一中学', 3, 2, 5, '河南省郑州市中原区中原路456号', '李校长', '0371-23456789', 2400, 48, 180, 1, '2025-07-13 03:20:26', '2025-07-13 03:20:26'),
(3, 'ZY003', '郑州市中原区第二小学', 1, 3, 6, '河南省郑州市中原区桐柏路789号', '王校长', '0371-34567890', 800, 18, 60, 1, '2025-07-13 03:20:26', '2025-07-13 03:20:26'),
(4, 'ZY004', '郑州市中原区实验中学', 2, 3, 6, '河南省郑州市中原区秦岭路321号', '赵校长', '0371-45678901', 1500, 30, 120, 1, '2025-07-13 03:20:26', '2025-07-13 03:20:26'),
(5, 'EQ001', '郑州市二七区实验小学', 1, 3, 7, '河南省郑州市二七区大学路654号', '陈校长', '0371-56789012', 1000, 20, 70, 1, '2025-07-13 03:20:27', '2025-07-13 03:20:27'),
(6, 'EQ002', '郑州市二七区九年制学校', 4, 3, 7, '河南省郑州市二七区航海路987号', '刘校长', '0371-67890123', 1800, 36, 140, 1, '2025-07-13 03:20:27', '2025-07-13 03:20:27');

-- --------------------------------------------------------

--
-- 表的结构 `sessions`
--

CREATE TABLE `sessions` (
  `id` varchar(255) NOT NULL,
  `user_id` bigint(20) UNSIGNED DEFAULT NULL,
  `ip_address` varchar(45) DEFAULT NULL,
  `user_agent` text DEFAULT NULL,
  `payload` longtext NOT NULL,
  `last_activity` int(11) NOT NULL
) ENGINE=InnoDB DEFAULT CHARSET=utf8mb4 COLLATE=utf8mb4_unicode_ci;

--
-- 转存表中的数据 `sessions`
--

INSERT INTO `sessions` (`id`, `user_id`, `ip_address`, `user_agent`, `payload`, `last_activity`) VALUES
('PSxlNXtuzlrXk5NSd7sohG2vqSRHukkfKFIe2Bex', NULL, '127.0.0.1', 'Mozilla/5.0 (Windows NT 10.0; Win64; x64) AppleWebKit/537.36 (KHTML, like Gecko) Chrome/132.0.0.0 Safari/537.36', 'YTozOntzOjY6Il90b2tlbiI7czo0MDoiOXRWS0l5d0Jqb2pZUFdaMEZBaEFiajlsQ2ZGTlFLM0tqckVMUnVpcSI7czo5OiJfcHJldmlvdXMiO2E6MTp7czozOiJ1cmwiO3M6MjE6Imh0dHA6Ly8xMjcuMC4wLjE6ODAwMSI7fXM6NjoiX2ZsYXNoIjthOjI6e3M6Mzoib2xkIjthOjA6e31zOjM6Im5ldyI7YTowOnt9fX0=', 1752406522);

-- --------------------------------------------------------

--
-- 表的结构 `statistics_summary`
--

CREATE TABLE `statistics_summary` (
  `id` bigint(20) UNSIGNED NOT NULL,
  `scope_type` varchar(20) NOT NULL COMMENT '统计范围：province/city/county/district/school',
  `scope_id` bigint(20) UNSIGNED NOT NULL COMMENT '范围ID',
  `subject_id` bigint(20) UNSIGNED DEFAULT NULL COMMENT '学科ID',
  `stat_date` date NOT NULL COMMENT '统计日期',
  `stat_type` varchar(50) NOT NULL COMMENT '统计类型',
  `total_experiments` int(11) NOT NULL DEFAULT 0 COMMENT '总实验数',
  `completed_experiments` int(11) NOT NULL DEFAULT 0 COMMENT '已完成实验数',
  `completion_rate` decimal(5,2) NOT NULL DEFAULT 0.00 COMMENT '完成率',
  `group_experiments` int(11) NOT NULL DEFAULT 0 COMMENT '分组实验数',
  `demo_experiments` int(11) NOT NULL DEFAULT 0 COMMENT '演示实验数',
  `total_value` decimal(15,2) NOT NULL DEFAULT 0.00 COMMENT '总价值',
  `created_at` timestamp NULL DEFAULT NULL,
  `updated_at` timestamp NULL DEFAULT NULL
) ENGINE=InnoDB DEFAULT CHARSET=utf8mb4 COLLATE=utf8mb4_unicode_ci;

-- --------------------------------------------------------

--
-- 表的结构 `subjects`
--

CREATE TABLE `subjects` (
  `id` bigint(20) UNSIGNED NOT NULL,
  `name` varchar(50) NOT NULL COMMENT '学科名称',
  `code` varchar(20) NOT NULL COMMENT '学科代码',
  `type` tinyint(4) NOT NULL COMMENT '学科类型：1理科 2文科 3综合',
  `stage` tinyint(4) NOT NULL COMMENT '学段：1小学 2初中 3高中',
  `sort_order` int(11) NOT NULL DEFAULT 0 COMMENT '排序',
  `status` tinyint(4) NOT NULL DEFAULT 1 COMMENT '状态：1启用 0禁用',
  `created_at` timestamp NULL DEFAULT NULL,
  `updated_at` timestamp NULL DEFAULT NULL
) ENGINE=InnoDB DEFAULT CHARSET=utf8mb4 COLLATE=utf8mb4_unicode_ci;

--
-- 转存表中的数据 `subjects`
--

INSERT INTO `subjects` (`id`, `name`, `code`, `type`, `stage`, `sort_order`, `status`, `created_at`, `updated_at`) VALUES
(1, '小学科学', 'PRIMARY_SCIENCE', 1, 1, 1, 1, '2025-07-13 03:20:27', '2025-07-13 03:20:27'),
(2, '初中物理', 'MIDDLE_PHYSICS', 1, 2, 2, 1, '2025-07-13 03:20:27', '2025-07-13 03:20:27'),
(3, '初中化学', 'MIDDLE_CHEMISTRY', 1, 2, 3, 1, '2025-07-13 03:20:27', '2025-07-13 03:20:27'),
(4, '初中生物', 'MIDDLE_BIOLOGY', 1, 2, 4, 1, '2025-07-13 03:20:27', '2025-07-13 03:20:27'),
(5, '高中物理', 'HIGH_PHYSICS', 1, 3, 5, 1, '2025-07-13 03:20:27', '2025-07-13 03:20:27'),
(6, '高中化学', 'HIGH_CHEMISTRY', 1, 3, 6, 1, '2025-07-13 03:20:27', '2025-07-13 03:20:27'),
(7, '高中生物', 'HIGH_BIOLOGY', 1, 3, 7, 1, '2025-07-13 03:20:27', '2025-07-13 03:20:27'),
(8, '通用技术', 'GENERAL_TECH', 3, 3, 8, 1, '2025-07-13 03:20:27', '2025-07-13 03:20:27'),
(9, '信息技术', 'INFO_TECH', 3, 3, 9, 1, '2025-07-13 03:20:27', '2025-07-13 03:20:27');

-- --------------------------------------------------------

--
-- 表的结构 `system_configs`
--

CREATE TABLE `system_configs` (
  `id` bigint(20) UNSIGNED NOT NULL,
  `key_name` varchar(100) NOT NULL COMMENT '配置键',
  `key_value` text DEFAULT NULL COMMENT '配置值',
  `description` varchar(255) DEFAULT NULL COMMENT '配置描述',
  `type` varchar(20) NOT NULL DEFAULT 'string' COMMENT '数据类型',
  `group_name` varchar(50) DEFAULT NULL COMMENT '配置分组',
  `sort_order` int(11) NOT NULL DEFAULT 0 COMMENT '排序',
  `is_system` tinyint(4) NOT NULL DEFAULT 0 COMMENT '是否系统配置',
  `created_at` timestamp NULL DEFAULT NULL,
  `updated_at` timestamp NULL DEFAULT NULL
) ENGINE=InnoDB DEFAULT CHARSET=utf8mb4 COLLATE=utf8mb4_unicode_ci;

-- --------------------------------------------------------

--
-- 表的结构 `users`
--

CREATE TABLE `users` (
  `id` bigint(20) UNSIGNED NOT NULL,
  `username` varchar(50) NOT NULL COMMENT '用户名',
  `email` varchar(100) DEFAULT NULL COMMENT '邮箱',
  `phone` varchar(20) DEFAULT NULL COMMENT '手机号',
  `password` varchar(255) NOT NULL COMMENT '密码',
  `real_name` varchar(50) NOT NULL COMMENT '真实姓名',
  `avatar` varchar(255) DEFAULT NULL COMMENT '头像',
  `gender` tinyint(4) DEFAULT NULL COMMENT '性别：1男 2女',
  `birthday` date DEFAULT NULL COMMENT '生日',
  `id_card` varchar(18) DEFAULT NULL COMMENT '身份证号',
  `status` tinyint(4) NOT NULL DEFAULT 1 COMMENT '状态：1正常 0禁用',
  `role` varchar(50) DEFAULT NULL COMMENT '用户角色',
  `department` varchar(100) DEFAULT NULL COMMENT '部门',
  `position` varchar(100) DEFAULT NULL COMMENT '职位',
  `bio` text DEFAULT NULL COMMENT '个人简介',
  `school_id` bigint(20) UNSIGNED DEFAULT NULL COMMENT '学校ID',
  `school_name` varchar(100) DEFAULT NULL COMMENT '学校名称',
  `last_login_at` timestamp NULL DEFAULT NULL COMMENT '最后登录时间',
  `email_verified_at` timestamp NULL DEFAULT NULL COMMENT '邮箱验证时间',
  `remember_token` varchar(100) DEFAULT NULL,
  `created_at` timestamp NULL DEFAULT NULL,
  `updated_at` timestamp NULL DEFAULT NULL
) ENGINE=InnoDB DEFAULT CHARSET=utf8mb4 COLLATE=utf8mb4_unicode_ci;

--
-- 转存表中的数据 `users`
--

INSERT INTO `users` (`id`, `username`, `email`, `phone`, `password`, `real_name`, `avatar`, `gender`, `birthday`, `id_card`, `status`, `role`, `department`, `position`, `bio`, `school_id`, `school_name`, `last_login_at`, `email_verified_at`, `remember_token`, `created_at`, `updated_at`) VALUES
(1, 'admin', 'admin@example.com', NULL, '$2y$12$9VcDVP3yx2CGgM2MrPjEKesjlkvA3cidUta6l9WOstpB3IfQbvRma', '系统管理员', NULL, NULL, NULL, NULL, 1, 'city_admin', NULL, NULL, NULL, NULL, NULL, NULL, NULL, NULL, '2025-07-13 03:20:30', '2025-07-13 20:11:41'),
(2, 'test_admin', 'test@example.com', NULL, '$2y$12$hjDRTfBIKng6fnK4u1vo7usHaHPKWanJthRzBU8.BaBB5szmyvTIu', '测试管理员', NULL, NULL, NULL, NULL, 1, 'province_admin', NULL, NULL, NULL, NULL, NULL, '2025-07-13 22:29:23', NULL, NULL, '2025-07-13 17:03:40', '2025-07-13 22:29:23'),
(3, 'teacher001', 'teacher001@163.com', '15127117566', '$2y$12$VO28sfD9I.7Nw5JwsQFmqOqe/GosjC90AEiIsrwwLQaY2/LSVcLAG', 'teacher0011', NULL, NULL, NULL, NULL, 1, 'school_teacher', '兴安中学', 'test_admin', NULL, NULL, NULL, NULL, NULL, NULL, '2025-07-13 18:23:43', '2025-07-13 20:11:41'),
(5, 'student001', 'student001@163.com', NULL, '$2y$12$gdsMIV2TGPVxVtXtdrkpu.4f8O4.GGSRaLuzFq1A1XbDf1FiHVG3.', 'student001', NULL, NULL, NULL, NULL, 1, 'school_student', 'qqq', 'test_admin', NULL, NULL, NULL, NULL, NULL, NULL, '2025-07-13 18:30:24', '2025-07-13 20:30:30');

-- --------------------------------------------------------

--
-- 表的结构 `user_roles`
--

CREATE TABLE `user_roles` (
  `id` bigint(20) UNSIGNED NOT NULL,
  `user_id` bigint(20) UNSIGNED NOT NULL COMMENT '用户ID',
  `role_id` bigint(20) UNSIGNED NOT NULL COMMENT '角色ID',
  `scope_type` varchar(20) NOT NULL COMMENT '权限范围类型：region/school',
  `scope_id` bigint(20) UNSIGNED NOT NULL COMMENT '权限范围ID',
  `created_at` timestamp NULL DEFAULT NULL,
  `updated_at` timestamp NULL DEFAULT NULL
) ENGINE=InnoDB DEFAULT CHARSET=utf8mb4 COLLATE=utf8mb4_unicode_ci;

--
-- 转储表的索引
--

--
-- 表的索引 `administrative_regions`
--
ALTER TABLE `administrative_regions`
  ADD PRIMARY KEY (`id`),
  ADD UNIQUE KEY `administrative_regions_code_unique` (`code`),
  ADD KEY `administrative_regions_code_index` (`code`),
  ADD KEY `administrative_regions_parent_id_index` (`parent_id`),
  ADD KEY `administrative_regions_level_index` (`level`);

--
-- 表的索引 `cache`
--
ALTER TABLE `cache`
  ADD PRIMARY KEY (`key`);

--
-- 表的索引 `cache_locks`
--
ALTER TABLE `cache_locks`
  ADD PRIMARY KEY (`key`);

--
-- 表的索引 `equipments`
--
ALTER TABLE `equipments`
  ADD PRIMARY KEY (`id`),
  ADD KEY `equipments_school_id_index` (`school_id`),
  ADD KEY `equipments_laboratory_id_index` (`laboratory_id`),
  ADD KEY `equipments_category_id_index` (`category_id`),
  ADD KEY `equipments_code_index` (`code`),
  ADD KEY `equipments_manager_id_index` (`manager_id`),
  ADD KEY `equipments_status_index` (`status`);

--
-- 表的索引 `equipment_attachments`
--
ALTER TABLE `equipment_attachments`
  ADD PRIMARY KEY (`id`),
  ADD KEY `equipment_attachments_equipment_id_attachment_type_index` (`equipment_id`,`attachment_type`),
  ADD KEY `equipment_attachments_file_type_is_primary_index` (`file_type`,`is_primary`),
  ADD KEY `equipment_attachments_uploaded_by_index` (`uploaded_by`),
  ADD KEY `equipment_attachments_created_at_index` (`created_at`);

--
-- 表的索引 `equipment_borrows`
--
ALTER TABLE `equipment_borrows`
  ADD PRIMARY KEY (`id`),
  ADD KEY `equipment_borrows_equipment_id_index` (`equipment_id`),
  ADD KEY `equipment_borrows_reservation_id_index` (`reservation_id`),
  ADD KEY `equipment_borrows_borrower_id_index` (`borrower_id`),
  ADD KEY `equipment_borrows_borrow_date_index` (`borrow_date`),
  ADD KEY `equipment_borrows_status_index` (`status`),
  ADD KEY `equipment_borrows_approver_id_index` (`approver_id`);

--
-- 表的索引 `equipment_categories`
--
ALTER TABLE `equipment_categories`
  ADD PRIMARY KEY (`id`),
  ADD UNIQUE KEY `equipment_categories_code_unique` (`code`),
  ADD KEY `equipment_categories_parent_id_index` (`parent_id`),
  ADD KEY `equipment_categories_level_index` (`level`),
  ADD KEY `equipment_categories_status_index` (`status`);

--
-- 表的索引 `equipment_maintenances`
--
ALTER TABLE `equipment_maintenances`
  ADD PRIMARY KEY (`id`),
  ADD KEY `equipment_maintenances_equipment_id_index` (`equipment_id`),
  ADD KEY `equipment_maintenances_reporter_id_index` (`reporter_id`),
  ADD KEY `equipment_maintenances_maintainer_id_index` (`maintainer_id`),
  ADD KEY `equipment_maintenances_report_date_index` (`report_date`),
  ADD KEY `equipment_maintenances_status_index` (`status`);

--
-- 表的索引 `equipment_operation_logs`
--
ALTER TABLE `equipment_operation_logs`
  ADD PRIMARY KEY (`id`),
  ADD KEY `equipment_operation_logs_equipment_id_operation_type_index` (`equipment_id`,`operation_type`),
  ADD KEY `equipment_operation_logs_user_id_created_at_index` (`user_id`,`created_at`),
  ADD KEY `equipment_operation_logs_operation_module_index` (`operation_module`),
  ADD KEY `equipment_operation_logs_created_at_index` (`created_at`);

--
-- 表的索引 `equipment_qrcodes`
--
ALTER TABLE `equipment_qrcodes`
  ADD PRIMARY KEY (`id`),
  ADD KEY `equipment_qrcodes_equipment_id_is_active_index` (`equipment_id`,`is_active`),
  ADD KEY `equipment_qrcodes_qr_type_index` (`qr_type`),
  ADD KEY `equipment_qrcodes_created_at_index` (`created_at`);

--
-- 表的索引 `experiment_catalogs`
--
ALTER TABLE `experiment_catalogs`
  ADD PRIMARY KEY (`id`),
  ADD KEY `experiment_catalogs_subject_id_index` (`subject_id`),
  ADD KEY `experiment_catalogs_code_index` (`code`),
  ADD KEY `experiment_catalogs_type_index` (`type`),
  ADD KEY `experiment_catalogs_grade_index` (`grade`),
  ADD KEY `experiment_catalogs_semester_index` (`semester`),
  ADD KEY `experiment_catalogs_is_standard_index` (`is_standard`),
  ADD KEY `experiment_catalogs_status_index` (`status`);

--
-- 表的索引 `experiment_records`
--
ALTER TABLE `experiment_records`
  ADD PRIMARY KEY (`id`),
  ADD KEY `experiment_records_reservation_id_index` (`reservation_id`),
  ADD KEY `experiment_records_school_id_index` (`school_id`),
  ADD KEY `experiment_records_catalog_id_index` (`catalog_id`),
  ADD KEY `experiment_records_laboratory_id_index` (`laboratory_id`),
  ADD KEY `experiment_records_teacher_id_index` (`teacher_id`),
  ADD KEY `experiment_records_start_time_index` (`start_time`),
  ADD KEY `experiment_records_status_index` (`status`);

--
-- 表的索引 `experiment_reservations`
--
ALTER TABLE `experiment_reservations`
  ADD PRIMARY KEY (`id`),
  ADD KEY `experiment_reservations_school_id_index` (`school_id`),
  ADD KEY `experiment_reservations_catalog_id_index` (`catalog_id`),
  ADD KEY `experiment_reservations_laboratory_id_index` (`laboratory_id`),
  ADD KEY `experiment_reservations_teacher_id_index` (`teacher_id`),
  ADD KEY `experiment_reservations_reservation_date_index` (`reservation_date`),
  ADD KEY `experiment_reservations_status_index` (`status`),
  ADD KEY `experiment_reservations_reviewer_id_index` (`reviewer_id`);

--
-- 表的索引 `failed_jobs`
--
ALTER TABLE `failed_jobs`
  ADD PRIMARY KEY (`id`),
  ADD UNIQUE KEY `failed_jobs_uuid_unique` (`uuid`);

--
-- 表的索引 `jobs`
--
ALTER TABLE `jobs`
  ADD PRIMARY KEY (`id`),
  ADD KEY `jobs_queue_index` (`queue`);

--
-- 表的索引 `job_batches`
--
ALTER TABLE `job_batches`
  ADD PRIMARY KEY (`id`);

--
-- 表的索引 `laboratories`
--
ALTER TABLE `laboratories`
  ADD PRIMARY KEY (`id`),
  ADD KEY `laboratories_school_id_index` (`school_id`),
  ADD KEY `laboratories_code_index` (`code`),
  ADD KEY `laboratories_type_index` (`type`),
  ADD KEY `laboratories_manager_id_index` (`manager_id`),
  ADD KEY `laboratories_status_index` (`status`);

--
-- 表的索引 `migrations`
--
ALTER TABLE `migrations`
  ADD PRIMARY KEY (`id`);

--
-- 表的索引 `operation_logs`
--
ALTER TABLE `operation_logs`
  ADD PRIMARY KEY (`id`),
  ADD KEY `operation_logs_user_id_index` (`user_id`),
  ADD KEY `operation_logs_module_index` (`module`),
  ADD KEY `operation_logs_action_index` (`action`),
  ADD KEY `operation_logs_created_at_index` (`created_at`);

--
-- 表的索引 `password_reset_tokens`
--
ALTER TABLE `password_reset_tokens`
  ADD PRIMARY KEY (`email`);

--
-- 表的索引 `roles`
--
ALTER TABLE `roles`
  ADD PRIMARY KEY (`id`),
  ADD UNIQUE KEY `roles_code_unique` (`code`),
  ADD KEY `roles_level_index` (`level`);

--
-- 表的索引 `role_permissions`
--
ALTER TABLE `role_permissions`
  ADD PRIMARY KEY (`id`),
  ADD UNIQUE KEY `role_permissions_role_id_permission_code_unique` (`role_id`,`permission_code`),
  ADD KEY `role_permissions_role_id_index` (`role_id`),
  ADD KEY `role_permissions_permission_code_index` (`permission_code`);

--
-- 表的索引 `schools`
--
ALTER TABLE `schools`
  ADD PRIMARY KEY (`id`),
  ADD UNIQUE KEY `schools_code_unique` (`code`),
  ADD KEY `schools_region_id_index` (`region_id`),
  ADD KEY `schools_type_index` (`type`),
  ADD KEY `schools_level_index` (`level`);

--
-- 表的索引 `sessions`
--
ALTER TABLE `sessions`
  ADD PRIMARY KEY (`id`),
  ADD KEY `sessions_user_id_index` (`user_id`),
  ADD KEY `sessions_last_activity_index` (`last_activity`);

--
-- 表的索引 `statistics_summary`
--
ALTER TABLE `statistics_summary`
  ADD PRIMARY KEY (`id`),
  ADD UNIQUE KEY `uk_scope_subject_date_type` (`scope_type`,`scope_id`,`subject_id`,`stat_date`,`stat_type`),
  ADD KEY `statistics_summary_stat_date_index` (`stat_date`),
  ADD KEY `statistics_summary_stat_type_index` (`stat_type`),
  ADD KEY `statistics_summary_subject_id_index` (`subject_id`);

--
-- 表的索引 `subjects`
--
ALTER TABLE `subjects`
  ADD PRIMARY KEY (`id`),
  ADD UNIQUE KEY `subjects_code_unique` (`code`),
  ADD KEY `subjects_type_index` (`type`),
  ADD KEY `subjects_stage_index` (`stage`),
  ADD KEY `subjects_status_index` (`status`);

--
-- 表的索引 `system_configs`
--
ALTER TABLE `system_configs`
  ADD PRIMARY KEY (`id`),
  ADD UNIQUE KEY `system_configs_key_name_unique` (`key_name`),
  ADD KEY `system_configs_group_name_index` (`group_name`);

--
-- 表的索引 `users`
--
ALTER TABLE `users`
  ADD PRIMARY KEY (`id`),
  ADD UNIQUE KEY `users_username_unique` (`username`),
  ADD UNIQUE KEY `users_email_unique` (`email`),
  ADD KEY `users_phone_index` (`phone`),
  ADD KEY `users_status_index` (`status`),
  ADD KEY `users_role_index` (`role`),
  ADD KEY `users_school_id_index` (`school_id`);

--
-- 表的索引 `user_roles`
--
ALTER TABLE `user_roles`
  ADD PRIMARY KEY (`id`),
  ADD UNIQUE KEY `uk_user_role_scope` (`user_id`,`role_id`,`scope_type`,`scope_id`),
  ADD KEY `user_roles_user_id_index` (`user_id`),
  ADD KEY `user_roles_role_id_index` (`role_id`);

--
-- 在导出的表使用AUTO_INCREMENT
--

--
-- 使用表AUTO_INCREMENT `administrative_regions`
--
ALTER TABLE `administrative_regions`
  MODIFY `id` bigint(20) UNSIGNED NOT NULL AUTO_INCREMENT, AUTO_INCREMENT=8;

--
-- 使用表AUTO_INCREMENT `equipments`
--
ALTER TABLE `equipments`
  MODIFY `id` bigint(20) UNSIGNED NOT NULL AUTO_INCREMENT, AUTO_INCREMENT=153;

--
-- 使用表AUTO_INCREMENT `equipment_attachments`
--
ALTER TABLE `equipment_attachments`
  MODIFY `id` bigint(20) UNSIGNED NOT NULL AUTO_INCREMENT;

--
-- 使用表AUTO_INCREMENT `equipment_borrows`
--
ALTER TABLE `equipment_borrows`
  MODIFY `id` bigint(20) UNSIGNED NOT NULL AUTO_INCREMENT, AUTO_INCREMENT=85;

--
-- 使用表AUTO_INCREMENT `equipment_categories`
--
ALTER TABLE `equipment_categories`
  MODIFY `id` bigint(20) UNSIGNED NOT NULL AUTO_INCREMENT, AUTO_INCREMENT=58;

--
-- 使用表AUTO_INCREMENT `equipment_maintenances`
--
ALTER TABLE `equipment_maintenances`
  MODIFY `id` bigint(20) UNSIGNED NOT NULL AUTO_INCREMENT, AUTO_INCREMENT=52;

--
-- 使用表AUTO_INCREMENT `equipment_operation_logs`
--
ALTER TABLE `equipment_operation_logs`
  MODIFY `id` bigint(20) UNSIGNED NOT NULL AUTO_INCREMENT;

--
-- 使用表AUTO_INCREMENT `equipment_qrcodes`
--
ALTER TABLE `equipment_qrcodes`
  MODIFY `id` bigint(20) UNSIGNED NOT NULL AUTO_INCREMENT;

--
-- 使用表AUTO_INCREMENT `experiment_catalogs`
--
ALTER TABLE `experiment_catalogs`
  MODIFY `id` bigint(20) UNSIGNED NOT NULL AUTO_INCREMENT, AUTO_INCREMENT=6;

--
-- 使用表AUTO_INCREMENT `experiment_records`
--
ALTER TABLE `experiment_records`
  MODIFY `id` bigint(20) UNSIGNED NOT NULL AUTO_INCREMENT;

--
-- 使用表AUTO_INCREMENT `experiment_reservations`
--
ALTER TABLE `experiment_reservations`
  MODIFY `id` bigint(20) UNSIGNED NOT NULL AUTO_INCREMENT;

--
-- 使用表AUTO_INCREMENT `failed_jobs`
--
ALTER TABLE `failed_jobs`
  MODIFY `id` bigint(20) UNSIGNED NOT NULL AUTO_INCREMENT;

--
-- 使用表AUTO_INCREMENT `jobs`
--
ALTER TABLE `jobs`
  MODIFY `id` bigint(20) UNSIGNED NOT NULL AUTO_INCREMENT;

--
-- 使用表AUTO_INCREMENT `laboratories`
--
ALTER TABLE `laboratories`
  MODIFY `id` bigint(20) UNSIGNED NOT NULL AUTO_INCREMENT;

--
-- 使用表AUTO_INCREMENT `migrations`
--
ALTER TABLE `migrations`
  MODIFY `id` int(10) UNSIGNED NOT NULL AUTO_INCREMENT, AUTO_INCREMENT=25;

--
-- 使用表AUTO_INCREMENT `operation_logs`
--
ALTER TABLE `operation_logs`
  MODIFY `id` bigint(20) UNSIGNED NOT NULL AUTO_INCREMENT;

--
-- 使用表AUTO_INCREMENT `roles`
--
ALTER TABLE `roles`
  MODIFY `id` bigint(20) UNSIGNED NOT NULL AUTO_INCREMENT, AUTO_INCREMENT=15;

--
-- 使用表AUTO_INCREMENT `role_permissions`
--
ALTER TABLE `role_permissions`
  MODIFY `id` bigint(20) UNSIGNED NOT NULL AUTO_INCREMENT, AUTO_INCREMENT=150;

--
-- 使用表AUTO_INCREMENT `schools`
--
ALTER TABLE `schools`
  MODIFY `id` bigint(20) UNSIGNED NOT NULL AUTO_INCREMENT, AUTO_INCREMENT=7;

--
-- 使用表AUTO_INCREMENT `statistics_summary`
--
ALTER TABLE `statistics_summary`
  MODIFY `id` bigint(20) UNSIGNED NOT NULL AUTO_INCREMENT;

--
-- 使用表AUTO_INCREMENT `subjects`
--
ALTER TABLE `subjects`
  MODIFY `id` bigint(20) UNSIGNED NOT NULL AUTO_INCREMENT, AUTO_INCREMENT=10;

--
-- 使用表AUTO_INCREMENT `system_configs`
--
ALTER TABLE `system_configs`
  MODIFY `id` bigint(20) UNSIGNED NOT NULL AUTO_INCREMENT;

--
-- 使用表AUTO_INCREMENT `users`
--
ALTER TABLE `users`
  MODIFY `id` bigint(20) UNSIGNED NOT NULL AUTO_INCREMENT, AUTO_INCREMENT=6;

--
-- 使用表AUTO_INCREMENT `user_roles`
--
ALTER TABLE `user_roles`
  MODIFY `id` bigint(20) UNSIGNED NOT NULL AUTO_INCREMENT;

--
-- 限制导出的表
--

--
-- 限制表 `equipments`
--
ALTER TABLE `equipments`
  ADD CONSTRAINT `equipments_category_id_foreign` FOREIGN KEY (`category_id`) REFERENCES `equipment_categories` (`id`),
  ADD CONSTRAINT `equipments_laboratory_id_foreign` FOREIGN KEY (`laboratory_id`) REFERENCES `laboratories` (`id`),
  ADD CONSTRAINT `equipments_manager_id_foreign` FOREIGN KEY (`manager_id`) REFERENCES `users` (`id`),
  ADD CONSTRAINT `equipments_school_id_foreign` FOREIGN KEY (`school_id`) REFERENCES `schools` (`id`);

--
-- 限制表 `equipment_attachments`
--
ALTER TABLE `equipment_attachments`
  ADD CONSTRAINT `equipment_attachments_equipment_id_foreign` FOREIGN KEY (`equipment_id`) REFERENCES `equipments` (`id`) ON DELETE CASCADE,
  ADD CONSTRAINT `equipment_attachments_uploaded_by_foreign` FOREIGN KEY (`uploaded_by`) REFERENCES `users` (`id`);

--
-- 限制表 `equipment_borrows`
--
ALTER TABLE `equipment_borrows`
  ADD CONSTRAINT `equipment_borrows_approver_id_foreign` FOREIGN KEY (`approver_id`) REFERENCES `users` (`id`),
  ADD CONSTRAINT `equipment_borrows_borrower_id_foreign` FOREIGN KEY (`borrower_id`) REFERENCES `users` (`id`),
  ADD CONSTRAINT `equipment_borrows_equipment_id_foreign` FOREIGN KEY (`equipment_id`) REFERENCES `equipments` (`id`),
  ADD CONSTRAINT `equipment_borrows_reservation_id_foreign` FOREIGN KEY (`reservation_id`) REFERENCES `experiment_reservations` (`id`);

--
-- 限制表 `equipment_maintenances`
--
ALTER TABLE `equipment_maintenances`
  ADD CONSTRAINT `equipment_maintenances_equipment_id_foreign` FOREIGN KEY (`equipment_id`) REFERENCES `equipments` (`id`),
  ADD CONSTRAINT `equipment_maintenances_maintainer_id_foreign` FOREIGN KEY (`maintainer_id`) REFERENCES `users` (`id`),
  ADD CONSTRAINT `equipment_maintenances_reporter_id_foreign` FOREIGN KEY (`reporter_id`) REFERENCES `users` (`id`);

--
-- 限制表 `equipment_operation_logs`
--
ALTER TABLE `equipment_operation_logs`
  ADD CONSTRAINT `equipment_operation_logs_equipment_id_foreign` FOREIGN KEY (`equipment_id`) REFERENCES `equipments` (`id`) ON DELETE CASCADE,
  ADD CONSTRAINT `equipment_operation_logs_user_id_foreign` FOREIGN KEY (`user_id`) REFERENCES `users` (`id`) ON DELETE CASCADE;

--
-- 限制表 `equipment_qrcodes`
--
ALTER TABLE `equipment_qrcodes`
  ADD CONSTRAINT `equipment_qrcodes_equipment_id_foreign` FOREIGN KEY (`equipment_id`) REFERENCES `equipments` (`id`) ON DELETE CASCADE;

--
-- 限制表 `experiment_catalogs`
--
ALTER TABLE `experiment_catalogs`
  ADD CONSTRAINT `experiment_catalogs_subject_id_foreign` FOREIGN KEY (`subject_id`) REFERENCES `subjects` (`id`);

--
-- 限制表 `experiment_records`
--
ALTER TABLE `experiment_records`
  ADD CONSTRAINT `experiment_records_catalog_id_foreign` FOREIGN KEY (`catalog_id`) REFERENCES `experiment_catalogs` (`id`),
  ADD CONSTRAINT `experiment_records_laboratory_id_foreign` FOREIGN KEY (`laboratory_id`) REFERENCES `laboratories` (`id`),
  ADD CONSTRAINT `experiment_records_reservation_id_foreign` FOREIGN KEY (`reservation_id`) REFERENCES `experiment_reservations` (`id`),
  ADD CONSTRAINT `experiment_records_school_id_foreign` FOREIGN KEY (`school_id`) REFERENCES `schools` (`id`),
  ADD CONSTRAINT `experiment_records_teacher_id_foreign` FOREIGN KEY (`teacher_id`) REFERENCES `users` (`id`);

--
-- 限制表 `experiment_reservations`
--
ALTER TABLE `experiment_reservations`
  ADD CONSTRAINT `experiment_reservations_catalog_id_foreign` FOREIGN KEY (`catalog_id`) REFERENCES `experiment_catalogs` (`id`),
  ADD CONSTRAINT `experiment_reservations_laboratory_id_foreign` FOREIGN KEY (`laboratory_id`) REFERENCES `laboratories` (`id`),
  ADD CONSTRAINT `experiment_reservations_reviewer_id_foreign` FOREIGN KEY (`reviewer_id`) REFERENCES `users` (`id`),
  ADD CONSTRAINT `experiment_reservations_school_id_foreign` FOREIGN KEY (`school_id`) REFERENCES `schools` (`id`),
  ADD CONSTRAINT `experiment_reservations_teacher_id_foreign` FOREIGN KEY (`teacher_id`) REFERENCES `users` (`id`);

--
-- 限制表 `laboratories`
--
ALTER TABLE `laboratories`
  ADD CONSTRAINT `laboratories_manager_id_foreign` FOREIGN KEY (`manager_id`) REFERENCES `users` (`id`),
  ADD CONSTRAINT `laboratories_school_id_foreign` FOREIGN KEY (`school_id`) REFERENCES `schools` (`id`);

--
-- 限制表 `operation_logs`
--
ALTER TABLE `operation_logs`
  ADD CONSTRAINT `operation_logs_user_id_foreign` FOREIGN KEY (`user_id`) REFERENCES `users` (`id`);

--
-- 限制表 `role_permissions`
--
ALTER TABLE `role_permissions`
  ADD CONSTRAINT `role_permissions_role_id_foreign` FOREIGN KEY (`role_id`) REFERENCES `roles` (`id`) ON DELETE CASCADE;

--
-- 限制表 `schools`
--
ALTER TABLE `schools`
  ADD CONSTRAINT `schools_region_id_foreign` FOREIGN KEY (`region_id`) REFERENCES `administrative_regions` (`id`);

--
-- 限制表 `statistics_summary`
--
ALTER TABLE `statistics_summary`
  ADD CONSTRAINT `statistics_summary_subject_id_foreign` FOREIGN KEY (`subject_id`) REFERENCES `subjects` (`id`);

--
-- 限制表 `user_roles`
--
ALTER TABLE `user_roles`
  ADD CONSTRAINT `user_roles_role_id_foreign` FOREIGN KEY (`role_id`) REFERENCES `roles` (`id`) ON DELETE CASCADE,
  ADD CONSTRAINT `user_roles_user_id_foreign` FOREIGN KEY (`user_id`) REFERENCES `users` (`id`) ON DELETE CASCADE;
COMMIT;

/*!40101 SET CHARACTER_SET_CLIENT=@OLD_CHARACTER_SET_CLIENT */;
/*!40101 SET CHARACTER_SET_RESULTS=@OLD_CHARACTER_SET_RESULTS */;
/*!40101 SET COLLATION_CONNECTION=@OLD_COLLATION_CONNECTION */;
